Pt9_pre_VJ	Number_AA	H_AA	Hnorm_AA	AA	Reads_AA
TRBV10-2.TRBJ2-7	6	0.616947126739	0.238667727894	'CASREAGTAYEQYF', 'CASSLQGSFEQYF', 'CASSEPSGRIYEQYF', 'CAALRDRGAYEQYF', 'CANSGELAGERYF', 'CASSGELAGERYF'	92, 4, 2, 1, 1, 1
TRBV10-2.TRBJ2-6	1	0.0	0	'CASSESPPSGANVLTF'	5
TRBV10-2.TRBJ2-1	2	1.0	1.0	'CASSAGTLSYNEQFF', 'CASSTGAPSYNEQFF'	1, 1
TRBV10-2.TRBJ2-3	3	1.58496250072	1.0	'CASSESTGLSDTQYF', 'CASSRGARTDTQYF', 'CATSIRAGTDTQYF'	1, 1, 1
TRBV10-2.TRBJ2-2	1	0.0	0	'CASSDRGAGELFF'	3
TRBV10-1.TRBJ2-2	1	0.0	0	'CASSEGAVRTGELFF'	1
TRBV4-1.TRBJ1-5	2	1.0	1.0	'CASSQTGEGQPQHF', 'CASSQDVLGSPQHF'	2, 2
TRBV4-1.TRBJ1-6	3	0.699857857027	0.441561145269	'CASSLGPGQYNSPLHF', 'CASSQDEQGVSPLHF', 'CASSQEPSEGRLSSPLHF'	19, 2, 1
TRBV4-1.TRBJ1-1	2	0.918295834054	0.918295834054	'CASSQDWRGDTEAFF', 'CASSQDPRDTEAFF'	2, 1
TRBV4-1.TRBJ1-2	3	1.5	0.946394630357	'CASSPLSGGDYGYTF', 'CASSQGGDGGGYTF', 'CASSQDANNYGYTF'	2, 1, 1
TRBV4-1.TRBJ2-7	6	1.89809337367	0.734282749997	'CASSQGWAAEQYF', 'CASSPGTGEGYEQYF', 'CASSQAGTLTREQYF', 'CASSQALLAGTAYEQYF', 'CASSQGPGAGGYEQYF', 'CASSQLWGGSYEQYF'	10, 2, 2, 1, 1, 1
TRBV4-1.TRBJ2-4	1	0.0	0	'CASSQDQTIQYF'	1
TRBV4-1.TRBJ2-5	2	0.918295834054	0.918295834054	'CASSQEVGDGTQYF', 'CASSQDRGQGETQYF'	2, 1
TRBV4-1.TRBJ2-3	2	0.918295834054	0.918295834054	'CASSQAGGGTDTQYF', 'CASSQDRHRGASTDTQYF'	2, 1
TRBV4-1.TRBJ2-1	2	1.0	1.0	'CASSHMIGNEQFF', 'CASSQGTGTYNEQFF'	1, 1
TRBV14-1.TRBJ1-6	1	0.0	0	'CASRQTGGISPLHF'	17
TRBV14-1.TRBJ1-2	1	0.0	0	'CASSPRGISGYTF'	1
TRBV9-1.TRBJ1-4	2	1.0	1.0	'CASSVTTASTNEKLFF', 'CASGGHSNEKLFF'	1, 1
TRBV14-1.TRBJ2-7	3	0.862353856175	0.544084705968	'CASSQGRAYEQYF', 'CASSRGRIEQYF', 'CASSQAGASGGLTYEQYF'	47, 13, 1
TRBV9-1.TRBJ1-6	5	2.25	0.969022255665	'CASSLGEYNSPLHF', 'CASSVGGSYNSPLHF', 'CASSLSVRGTPLHF', 'CASSVATRFNSPLHF', 'CASSVGPSRSYNSPLHF'	2, 2, 2, 1, 1
TRBV14-1.TRBJ2-5	1	0.0	0	'CASSQDRRHQYF'	62
TRBV9-1.TRBJ1-1	2	1.0	1.0	'CASSVGGAVNTEAFF', 'CASSVAVEGEAFF'	1, 1
TRBV9-1.TRBJ1-2	5	2.32192809489	1.0	'CASSTQGANYGYTF', 'CASSVVPDRGVGYTF', 'CASSVVPDRGYDGYTF', 'CASSVEDNYGYTF', 'CASIPGQDPRGYGYTF'	1, 1, 1, 1, 1
TRBV9-1.TRBJ1-3	5	2.32192809489	1.0	'CASSVAGTGNTIYF', 'CASSDGTGRGNSGNTIYF', 'CASSVDSGGTGNTIYF', 'CASSVDTGGTGNTIYF', 'CASSVEGTLYSSGNTIYF'	1, 1, 1, 1, 1
TRBV7-6.TRBJ2-2	2	0.918295834054	0.918295834054	'CASSLREGRTGELFF', 'CASSPGLSGGHTGELFF'	2, 1
TRBV7-6.TRBJ2-3	3	1.06127812446	0.669591945536	'CASSLPGTDTQYF', 'CASSFDDRGKTQYF', 'CASSPRGTSGGGDTQYF'	6, 1, 1
TRBV7-6.TRBJ2-1	3	0.773228348525	0.487852771389	'CASSLSGQGGHNEQFF', 'CASSLGSGGAGAYNEQFF', 'CASKGQGFNEQFF'	11, 1, 1
TRBV7-6.TRBJ2-7	6	1.79166748438	0.693111595962	'CASSKGPNYEQYF', 'CASSLSTGGYEQYF', 'CASSSGPNYEQYF', 'CASSFKLGTPYEQYF', 'CASSSQGSYEQYF', 'CASSAGPNYEQYF'	11, 3, 1, 1, 1, 1
TRBV7-6.TRBJ2-5	2	1.0	1.0	'CASSLKPGTAGLAGGKQETQYF', 'CASSLEPLRETQYF'	1, 1
TRBV10-2.TRBJ1-6	1	0.0	0	'CASRAGQGYRNSPLHF'	1
TRBV10-2.TRBJ1-2	4	1.6644977792	0.8322488896	'CASSPGTGTYGYTF', 'CASSPGTGTYGYAF', 'CATAPYSTGGGMGYTF', 'CASSRDDYGYTF'	4, 1, 1, 1
TRBV10-2.TRBJ1-1	1	0.0	0	'CASSESMGTEAFF'	1
TRBV24-1.TRBJ2-3	2	1.0	1.0	'CATSDQQGVGTDTQYF', 'CATSGPSPGQGPDTQYF'	1, 1
TRBV24-1.TRBJ2-2	3	1.5	0.946394630357	'CATSAFTADSRGNTGELFF', 'CATSYGNTGELFF', 'CATSDRLGSDISTGELFF'	1, 2, 1
TRBV24-1.TRBJ2-1	1	0.0	0	'CATSDRMMADEQFF'	1
TRBV24-1.TRBJ2-7	2	0.994984828186	0.994984828186	'CATSRAGAISEQYF', 'CATSDPTRYEQYF'	13, 11
TRBV24-1.TRBJ2-5	1	0.0	0	'CATRGAGSQETQYF'	1
TRBV9-1.TRBJ2-7	9	3.08505510276	0.973226527868	'CASSGTGGIPQQYF', 'CASSPRGADLYEQYF', 'CASSVGPGTSSYEQYF', 'CASSLTPQTIPYEQYF', 'CASSATGYEQYF', 'CASSASGRLDEQYF', 'CASSATGGPYEQYF', 'CASSRTSGVGEQYF', 'CASSVDGVPSYEQYF'	2, 2, 2, 2, 1, 1, 1, 1, 1
TRBV4-3.TRBJ2-1	3	1.5	0.946394630357	'CASSQAGGAYNEQFF', 'CASSRITAGGPYNEQFF', 'CASSPTSGVAGEQFF'	2, 1, 1
TRBV4-3.TRBJ2-2	1	0.0	0	'CASSPTVGFAGELFF'	7
TRBV7-8.TRBJ2-3	2	0.721928094887	0.721928094887	'CASSLGRTDTQYF', 'CASSRGDTQYF'	4, 1
TRBV21-1.TRBJ1-1	1	0.0	0	'CASSSLLAIRTEAFF'	1
TRBV21-1.TRBJ1-5	1	0.0	0	'CASSSHGHPNSNQPQHF'	1
TRBV21-1.TRBJ1-6	1	0.0	0	'CASSKDRLRSSYNSPLHF'	1
TRBV21-1.TRBJ2-3	2	1.0	1.0	'CASSKVTGCGLAGVPPSTDTQYF', 'CASRWPATVMQDTQYF'	1, 1
TRBV21-1.TRBJ2-1	1	0.0	0	'CASSKVGSGGQGSNEQFF'	1
TRBV21-1.TRBJ2-7	1	0.0	0	'CASSKGGRISYEQYF'	2
TRBV21-1.TRBJ2-4	1	0.0	0	'CASSTPWAKNIQYF'	1
TRBV21-1.TRBJ2-5	2	0.918295834054	0.918295834054	'CASSKDGRTSGGAEQETQYF', 'CASSSTPRAETQYF'	2, 1
TRBV6-1.TRBJ2-4	1	0.0	0	'CASTPAGTGGQYF'	1
TRBV6-1.TRBJ2-5	3	1.58496250072	1.0	'CASSFQGEGQETQYF', 'CASTPRGASGGRETQYF', 'CASRVEIREETQYF'	1, 1, 1
TRBV6-1.TRBJ2-6	1	0.0	0	'CASSEQGGRISGANVLTF'	1
TRBV6-1.TRBJ2-7	9	2.86382639009	0.903436639286	'CASSEPQAGGRREQYF', 'CASSSSPHGYEQYF', 'CASSEPPGQIYEQYF', 'CASSDGTLEQYF', 'CASSEEATLSYEQYF', 'CASSLYEQYF', 'CASSTGYLASYEQYF', 'CASSDFESEQYF', 'CASSRTSGGSSEQYF'	6, 2, 2, 2, 2, 1, 1, 1, 1
TRBV6-1.TRBJ2-1	7	2.75	0.979569764547	'CASSENPDRAGEQFF', 'CASTDRGYNEQFF', 'CASRGLAGGGESYNEQFF', 'CASRLTGTARYNEQFF', 'CASSGRYTSIGNEQFF', 'CASSPKALPGQNHNEQFF', 'CASSDDRGAEQFF'	2, 1, 1, 1, 1, 1, 1
TRBV6-1.TRBJ2-2	4	1.92192809489	0.960964047444	'CASSGPGTGAGELFF', 'CASRLGNTGELFF', 'CASSEQGRNTGELFF', 'CASRRPPGEGHTGELFF'	2, 1, 1, 1
TRBV6-1.TRBJ2-3	6	2.52164063634	0.975503759006	'CASRDPGGADTQYF', 'CASSVTSGGAGTDTQYF', 'CASRRTGGGAGATQYF', 'CASRRTSGGAGATQYF', 'CASPDRVTDTQYF', 'CASSEGYALMADTQYF'	2, 1, 1, 1, 1, 1
TRBV12-3.TRBJ2-6	2	0.954434002925	0.954434002925	'CASSLSGLGGANVLTF', 'CASSPANVLTF'	5, 3
TRBV12-3.TRBJ2-7	9	2.76595732095	0.872562385448	'CASSSPRDRGYEQYF', 'CASSSGQKLGLSAYEQYF', 'CASSLRDSSYEQYF', 'CASSIAGPPYEQYF', 'CASSLASGGISEQYF', 'CASSLVFNYEQYF', 'CASSTGTGPEQYF', 'CASSGAAGLSV', 'CASSRDTSYEQYF'	6, 5, 2, 2, 1, 1, 1, 1, 1
TRBV12-3.TRBJ2-5	7	2.725480557	0.970835762726	'CASSLSGSQETQYF', 'CASSTRFGTLQEAQYF', 'CASSSGGAQYF', 'CASSLGRGLSETQYF', 'CASSPHPTSGGPEETQYF', 'CASSPRDRGTQYF', 'CASTLGGTGGETQYF'	2, 2, 1, 1, 1, 1, 1
TRBV12-3.TRBJ2-2	4	2.0	1.0	'CASSLGGTGNTGELFF', 'CASSILAGDNPGELFF', 'CASRGSGELFF', 'CASSFIGAHTGELFF'	1, 1, 1, 1
TRBV12-3.TRBJ2-3	3	1.58496250072	1.0	'CASSFRSRQASGRGTDTQYF', 'CASSRDPSADTQYF', 'CASSLWTPADTQYF'	1, 1, 1
TRBV12-3.TRBJ2-1	10	3.18200581476	0.95787919662	'CASTRTWGYNEQFF', 'CASRVSSNEQFF', 'CASSLVQGYNEQFF', 'CASSSPSVSGGATSYNEQFF', 'CASSFRGAYNEQFF', 'CASRRIGEQFF', 'CASSFRRLAGEQFF', 'CASSFAGTGNEQFF', 'CASTELAGGYNEQFF', 'CASSRNRYRGSSYNEQFF'	3, 2, 2, 1, 1, 1, 1, 1, 1, 1
TRBV24-1.TRBJ1-2	2	1.0	1.0	'CATSGPEYGYTF', 'CATSDFASNYGYTF'	1, 1
TRBV9-1.TRBJ2-5	5	1.49664076219	0.644568092131	'CASSVGGWETQYF', 'CASSFSGGAETQYF', 'CASSVAAAQETQYF', 'CASSVESGGGGETQYF', 'CASSVYSGGASETQYF'	11, 2, 1, 1, 1
TRBV4-3.TRBJ1-3	3	1.58496250072	1.0	'CASSQDAYREGPGNTIYF', 'CASSHNYRGSSGNTIYF', 'CASSVNYRGSSGNTIYF'	1, 1, 1
TRBV4-3.TRBJ1-2	2	0.918295834054	0.918295834054	'CASSQGTSAGYTF', 'CASSQDRRNYGYTF'	2, 1
TRBV7-8.TRBJ1-1	6	2.5	0.967132018086	'CASSFTKGRGNTEAFF', 'CASSLVWGEAFF', 'CASSFPGTANTEAFF', 'CASSLKGGTEAFF', 'CASSPGPSNTEAFF', 'CASSLVEDREAFF'	2, 2, 1, 1, 1, 1
TRBV4-3.TRBJ1-6	1	0.0	0	'CASSQDWTGLNSPLHF'	1
TRBV7-8.TRBJ1-5	2	0.811278124459	0.811278124459	'CASSRKGQQLDQPQHF', 'CASSLGGAGDQPQHF'	3, 1
TRBV4-3.TRBJ1-4	2	1.0	1.0	'CASSQEGSNEKLFF', 'CASSQVGGSEKLFF'	1, 1
TRBV6-2.TRBJ2-7	6	0.595091826466	0.230212943631	'CASIGRDPQGDYEQYF', 'CASRWAQTRSYEQYF', 'CASSWTESNEQYF', 'CASSYTPGRKSSYEQYF', 'CASSYRGPYEQYF', 'CASSYSATSYEQYF'	85, 4, 1, 1, 1, 1
TRBV6-2.TRBJ2-6	3	1.5	0.946394630357	'CASSGQGISSGANVLTF', 'CASSHMWVLQSRANVLTF', 'CASSYGSSGANVLTF'	2, 1, 1
TRBV9-1.TRBJ2-1	7	2.29248125036	0.816598297689	'CASSVDGGSYNEQFF', 'CASSVGTIGHNEQFF', 'CASSPKGPDYNEQFF', 'CASSVGLAGGYNEQFF', 'CASSQFWEDEQFF', 'CASSASGRQDEQFF', 'CASSVNTGGALEQFF'	6, 1, 1, 1, 1, 1, 1
TRBV7-6.TRBJ1-1	2	0.918295834054	0.918295834054	'CASSSPMRGGGTEAFF', 'CASSPGTGGGRDTEAFF'	2, 1
TRBV7-6.TRBJ1-2	1	0.0	0	'CASSPSRGVGGYTF'	1
TRBV7-6.TRBJ1-5	1	0.0	0	'CASSLGVFQPQHF'	9
TRBV7-6.TRBJ1-6	1	0.0	0	'CASSLADRTDSPLHF'	1
TRBV6-1.TRBJ1-6	2	0.468995593589	0.468995593589	'CASSESSYNSPLHF', 'CASSPDWGPYNLALHF'	9, 1
TRBV6-1.TRBJ1-5	8	2.87314067951	0.957713559838	'CASSETGLNQPQHF', 'CASSDVGTGGGWNQPQHF', 'CASSEVGTGGGWNQPQHF', 'CASSEVGGGNQPQHF', 'CASSGSGQNQPQHF', 'CASSEHPRGNQPQHF', 'CASCDVGTGGGWNQPQHF', 'CASSFDRGDQPQHF'	3, 2, 2, 2, 1, 1, 1, 1
TRBV6-1.TRBJ1-4	4	2.0	1.0	'CASRQTGGVEKLFF', 'CASSEALGAHEKLFF', 'CASRQDKAGGSEKLFF', 'CARGTQMSKGATNEKLFF'	1, 1, 1, 1
TRBV6-1.TRBJ1-3	3	1.58496250072	1.0	'CASSEARGFSGNTIYF', 'CASSAEPGQIVNTIYF', 'CASFHEHSGNTIYF'	1, 1, 1
TRBV6-1.TRBJ1-2	2	0.918295834054	0.918295834054	'CASSEVLWDGYTF', 'CASSDYGTGGYTF'	2, 1
TRBV6-1.TRBJ1-1	8	2.84535093662	0.948450312207	'CASSEQPSGTEAFF', 'CASTSSRGRGRNTEAFF', 'CASSLTGANTEAFF', 'CASTQPLWGQMNTEAFF', 'CASRPSLGENTEAFF', 'CASSIQLREAFF', 'CASSKTALMNTEAFF', 'CASNEGGTEAFF'	3, 2, 1, 1, 1, 1, 1, 1
TRBV23-1.TRBJ2-2	1	0.0	0	'CASSQSIRGAVF'	1
TRBV23-1.TRBJ2-4	1	0.0	0	'CASSPLRGGVDGNLAKNIQYF'	1
TRBV23-1.TRBJ2-5	1	0.0	0	'CASSQSGLGVETQYF'	1
TRBV23-1.TRBJ2-7	1	0.0	0	'CASSQSRPETSYEQYF'	1
TRBV12-3.TRBJ1-5	3	1.58496250072	1.0	'CASSLEGVEPQHF', 'CASSLDGRNQPQHF', 'CASTYGDSSNQPQHF'	1, 1, 1
TRBV12-3.TRBJ1-4	5	2.32192809489	1.0	'CASSLRQGAGEKLFF', 'CASSLGRTATNEKLFF', 'CASRWGATNEKLFF', 'CASSSEGTTNEKLFF', 'CASSQTGATNEKLFF'	1, 1, 1, 1, 1
TRBV23-1.TRBJ1-1	1	0.0	0	'CASSPPPPGEVTEAFF'	2
TRBV12-3.TRBJ1-6	2	1.0	1.0	'CASSSLVGNSPLHF', 'CASSLGGNNNSPLHF'	1, 1
TRBV12-3.TRBJ1-1	11	2.96706475398	0.857674057782	'CASSTGTQNTEAFF', 'CASKYGVSTEAFF', 'CASQVVNTEAFF', 'CASSLRQGGVTEAFF', 'CASSLRGNTEAFF', 'CASYRGDTEAFF', 'CASSPTGQLNTEAFF', 'CASSFPTGGETNTEAFF', 'CASSSGTSFIGLESVLAFF', 'CASSPTGPNTEAFF', 'CASTDRENTEAFF'	7, 2, 1, 1, 1, 1, 1, 1, 1, 1, 1
TRBV12-3.TRBJ1-3	2	0.918295834054	0.918295834054	'CASRQSSGNTIYF', 'CASSPPVQGYSGNTIYF'	2, 1
TRBV12-3.TRBJ1-2	12	3.08355125594	0.860134870397	'CASSFGGGYTF', 'CASSLGQGAINGYTF', 'CASSVGQGYGYTF', 'CASSLAPGAGYTF', 'CASSSGQGYGYTF', 'CASSRGPNYGYTF', 'CASSPLGVVYGYTF', 'CASSLEGQGGYGYTF', 'CASSSGEGGYTF', 'CASSNQGRSGYTF', 'CASSFNRDSLYGYTF', 'CASGQTGVHGYTF'	9, 3, 3, 2, 2, 1, 1, 1, 1, 1, 1, 1
TRBV27-1.TRBJ1-6	3	1.52192809489	0.960229717861	'CASSQTTGLHSPLHF', 'CASSVRDGSPLHF', 'CASSSKGMNSPLHF'	2, 2, 1
TRBV27-1.TRBJ1-5	4	2.0	1.0	'CASSVVGGIYQPQHF', 'CASSVVGGIHQPQHF', 'CASSLEWRSNQPQHF', 'CASSPQTGRNQPQHF'	1, 1, 1, 1
TRBV27-1.TRBJ1-4	3	1.44881563573	0.914100892019	'CASKYQGATNEKLFF', 'CASSFSGTNEKLFF', 'CASSFGGATNEKLFF'	3, 3, 1
TRBV27-1.TRBJ1-3	2	0.413816850304	0.413816850304	'CASSYRGGNTIYF', 'CASSTTGAPIYF'	11, 1
TRBV27-1.TRBJ1-2	3	0.534954723166	0.337518851659	'CASSSTAAGGYTF', 'CASSRQGIGYTF', 'CASSPTGTGNKYGYTF'	29, 2, 1
TRBV27-1.TRBJ1-1	11	0.489575856145	0.141519159826	'CASSPTVAAEAFF', 'CASSPGGGNTEAFF', 'CASSEKGVTEAFF', 'CASREQGAATEAFF', 'CASPKTAEAFF', 'CASSARQALNTEAFF', 'CASSLSSPGHLNTEAFF', 'CASSWGRGGVEAFF', 'CASSPPGFWSEAFF', 'CASRLLGTGRNTEAFF', 'CASRGLLNTEAFF'	188, 2, 1, 1, 1, 1, 1, 1, 1, 1, 1
TRBV7-8.TRBJ2-1	4	2.0	1.0	'CASSRATGSEQFF', 'CASSLEGAGYNEQFF', 'CASSLMLIGSYNEQFF', 'CASSLGGNLDEQFF'	1, 1, 1, 1
TRBV7-8.TRBJ2-2	2	1.0	1.0	'CASSVFLLPGLAGAGELFF', 'CASTLRGADTGELFF'	1, 1
TRBV4-3.TRBJ2-3	3	1.5	0.946394630357	'CASSQEEGLHTDTQYF', 'CASSQATGRISTDTQYF', 'CASSQDGLEADTQYF'	2, 1, 1
TRBV7-8.TRBJ2-5	1	0.0	0	'CASSGGVYQETQYF'	1
TRBV7-8.TRBJ2-7	6	2.35538854221	0.911188669681	'CASSLDTAPYEQYF', 'CASSLVASGGAEQYF', 'CASSSPSRNEQYF', 'CASSGRASYEQYF', 'CASSLGRGLSHEQYF', 'CASSSGPRHEQYF'	4, 3, 2, 1, 1, 1
TRBV6-2.TRBJ2-3	4	1.91829583405	0.959147917027	'CASSQGIQGSQYF', 'CASSAYYRPKGDTQYF', 'CASSSAGDNTDTQYF', 'CASTSKRESTDTQYF'	2, 2, 1, 1
TRBV6-2.TRBJ2-2	1	0.0	0	'CASKVPRDTGELFF'	2
TRBV6-2.TRBJ2-1	3	1.22439444541	0.772506885714	'CASTYYNEQFF', 'CASSSEVYNEQFF', 'CASRATGVKDYNEQFF'	6, 2, 1
TRBV9-1.TRBJ2-3	11	3.3232314288	0.96062931578	'CASSVVGLAGGRDTQYF', 'CASSVVGTDTQYF', 'CASSTWGYHTDTQYF', 'CASSVEPNIGTDTQYF', 'CASSAGTSPATQYF', 'CASSPRPSGPDTQYF', 'CASSVEGSGVGDTQYF', 'CASSVDFFPNTQYF', 'CASSVDGSPDTQYF', 'CASSGKAGGPTDTQYF', 'CASSVAVDSTDTQYF'	3, 2, 2, 1, 1, 1, 1, 1, 1, 1, 1
TRBV9-1.TRBJ2-2	7	2.80735492206	1.0	'CASSISSGGDPNTGELFF', 'CASSVSGANTGELFF', 'CASSVGSGGNTGELFF', 'CASSPRVPGQGLGTGELFF', 'CASSGPVEPGELFF', 'CASSVLSGGTTGELFF', 'CASSDWAGLNTGELFF'	1, 1, 1, 1, 1, 1, 1
TRBV6-2.TRBJ2-5	3	1.25162916739	0.789690082143	'CASRPLWNEQGVETQYF', 'CASSHAGTVQETQYF', 'CASSTRLVGLETQYF'	4, 1, 1
TRBV6-2.TRBJ2-4	1	0.0	0	'CASGTGGKSIQYF'	1
TRBV28-1.TRBJ1-4	5	2.25162916739	0.969723899868	'CASSRAQLGSTNEKLFF', 'CASSNLGGLGEKLFF', 'CASSWSGINEKLFF', 'CASRLRTGVNEKLFF', 'CASSLRQGDEKLFF'	2, 1, 1, 1, 1
TRBV28-1.TRBJ1-5	11	3.2195282823	0.930652383748	'CASTRGGYSNQPQHF', 'CASSAQEVGGQPQHF', 'CASSQNPPSGPQHF', 'CASSLPRGPQHF', 'CASSSLGGYAYNQPQHF', 'CASSPQGTDQPQHF', 'CASSLAKSPQHF', 'CASTSAQPQHF', 'CASSFLAKGDGQPQHF', 'CASSSLGQLDSNQPQHF', 'CASSQSRPRNQPQHF'	4, 3, 2, 1, 1, 1, 1, 1, 1, 1, 1
TRBV28-1.TRBJ1-6	7	0.813949091909	0.289934516478	'CASSFRGTAPLHF', 'CASSLRGARNSPLHF', 'CASGPGSSYNSPLHF', 'CASSRDRASDSPLHF', 'CASSLTDRGSPLHF', 'CASTEGGSLNSPLHF', 'CASIVKYSRKNSPLHF'	117, 6, 3, 2, 2, 2, 1
TRBV28-1.TRBJ1-1	15	3.14453174883	0.804868135383	'CASSWNSRGDLNTEAFF', 'CASSRRGVTEAFF', 'CASSPTVAAEAFF', 'CASRIFTGNTEAFF', 'CASSFARFEAFF', 'CASSSHPGTANTEAFF', 'CASSPQSWGSEAFF', 'CASSHRGTTEAFF', 'CASTPGPGGLTEAFF', 'CATLTPHTGLEAFF', 'CASSPHLGPTTEAFF', 'CASRTPRSTEAFF', 'CASISLLTRNTEAFF', 'CASSSSQGNTEAFF', 'CASSFEGKVNTEAFF'	10, 7, 1, 1, 1, 1, 1, 1, 1, 1, 1, 1, 1, 1, 1
TRBV28-1.TRBJ1-2	12	3.06148218672	0.853978859222	'CASSARTFYGYTF', 'CASNTKFQVLNYGYTF', 'CASSLQGTGFNYGYTF', 'CASSKLITGVNYGYTF', 'CASSLNRAPYGYTF', 'CASSLRGVYGYTF', 'CASSLDRNYGYTF', 'CASSSPDLNNYGYTF', 'CASSFGSYGYTF', 'CASSIHTGEYGYTF', 'CATPDSEGYGYTF', 'CASTRGRQGNYGYTF'	8, 3, 2, 1, 1, 1, 1, 1, 1, 1, 1, 1
TRBV28-1.TRBJ1-3	4	1.6644977792	0.8322488896	'CASLGGNTIYF', 'CASRARDRVIQTIYF', 'CASSLKRWAMGNTIYF', 'CASSLKVKEAGNTIYF'	4, 1, 1, 1
TRBV7-9.TRBJ2-1	7	2.58496250072	0.920782221162	'CASSQVGYNEQFF', 'CASSSTGNPYNEQFF', 'CASNLGNEQFF', 'CASSFGGDYNEQFF', 'CASSPSTSGARNEQFF', 'CASSSGFGTSGYDEQFF', 'CASSGTDYNEQFF'	4, 2, 2, 1, 1, 1, 1
TRBV7-9.TRBJ1-4	3	1.37095059445	0.864973520718	'CASSWGQLAENEKLFF', 'CASSVNRLGYEKLFF', 'CASSLVQGAATNEKLFF'	3, 1, 1
TRBV7-9.TRBJ1-2	8	2.77736279506	0.925787598355	'CASSRASGGAGYGYTF', 'CASSLEQSNYGYTF', 'CASSSDFGGYTF', 'CASSQQAGIANYGYTF', 'CASSQTGTNYGYTF', 'CASSEGRTGYTF', 'CASSPSVGGQAGYTF', 'CASSPGGVGYTF'	4, 2, 2, 1, 1, 1, 1, 1
TRBV27-1.TRBJ2-4	3	1.37095059445	0.864973520718	'CASSPTLAKNIQYF', 'CASSLAPGLPIQYF', 'CASSSNLIIQYF'	3, 1, 1
TRBV27-1.TRBJ2-5	3	1.5	0.946394630357	'CASSLNDRVGETQYF', 'CASSLNRDSRQETQYF', 'CASSYGIGKTQYF'	4, 2, 2
TRBV27-1.TRBJ2-6	1	0.0	0	'CASSEVRWLQSRANVLTF'	1
TRBV27-1.TRBJ2-7	17	3.97833358119	0.973301467364	'CASSPTVEAPLCF', 'CASSPRVGHEQYF', 'CASSFTLAGEQYF', 'CASSTRQGPYEQYF', 'CASSLRWDYEQYF', 'CASSPHRTASYEQYF', 'CASSWTVGGEQYF', 'CASARGGTKSYEQYF', 'CASSFHEQYF', 'CASSSTAWEEQYF', 'CASSFPGKEQYF', 'CASSLFGTGGYEQYF', 'CASSFVIGQGTIHEQYF', 'CASSLLAAGGHTYEQYF', 'CASSPTSEYEQYF', 'CASSLGTGGLSSYEQYF', 'CASSLGHQTPYEQYF'	3, 3, 2, 2, 2, 2, 2, 2, 2, 2, 1, 1, 1, 1, 1, 1, 1
TRBV27-1.TRBJ2-1	13	3.57246945877	0.965417553286	'CASKWDRGGNEQFF', 'CASSFYNEQFF', 'CASSPTSAGEQFF', 'CASTSGTAANEQFF', 'CASSILGNEQFF', 'CASSKSTGSSYNEQFF', 'CASSFTSAGEQFF', 'CASSLGGATLEQFF', 'CASSIIGNEQFF', 'CASSSLAGGPHEQFF', 'CASSNPGGSDNEQFF', 'CASEAQDGGESYNEQFF', 'CASSQLAGVHYNEQFF'	2, 3, 2, 1, 1, 1, 1, 1, 1, 1, 1, 1, 1
TRBV27-1.TRBJ2-2	1	0.0	0	'CASSSTGTGETGELFF'	1
TRBV27-1.TRBJ2-3	4	1.6644977792	0.8322488896	'CASSLRGQSTDTQYF', 'CATCPDLCTDTQYF', 'CASSSTSEDTQYF', 'CASSFQTLQYF'	4, 1, 1, 1
TRBV4-2.TRBJ2-5	1	0.0	0	'CASSQAGTVETQYF'	1
TRBV4-2.TRBJ2-7	3	1.44881563573	0.914100892019	'CASSRDNYEQYF', 'CASSQEGTGKYEQYF', 'CASSQERQKYEQYF'	3, 3, 1
TRBV5-7.TRBJ1-2	1	0.0	0	'CASSLDQGQGGYTF'	1
TRBV11-2.TRBJ2-1	2	0.918295834054	0.918295834054	'CASSPPGQYNEQFF', 'CASSKYSGLGHEQFF'	2, 1
TRBV11-2.TRBJ2-2	5	2.32192809489	1.0	'CASSLDGVIGELFF', 'CASRRDNLNTGELFF', 'CASSLQLSGAGELFF', 'CASRGDPRGGELFF', 'CASSLNTGDTGELFF'	1, 1, 1, 1, 1
TRBV11-2.TRBJ2-3	3	1.37095059445	0.864973520718	'CASGPGDTQYF', 'CASSLVLGGGARADTQYF', 'CASSLGPLTDTQYF'	3, 1, 1
TRBV11-2.TRBJ2-5	4	1.92192809489	0.960964047444	'CASSLDVSGAGTQYF', 'CASSFLAGGLETQYF', 'CASSLAGGKTQYF', 'CASSLSSAGQGSYEQYF'	2, 1, 1, 1
TRBV11-2.TRBJ2-6	1	0.0	0	'CASSLGGPGGANVLTF'	1
TRBV11-2.TRBJ2-7	8	2.84535093662	0.948450312207	'CASSLDTSEQYF', 'CASRRDSYYEQYF', 'CASSLVRWWGGGHLYEQYF', 'CASSSVMGGDAPYEQYF', 'CASSGWTSGSYEQYF', 'CASSLEPSAYEQYF', 'CASSFGTASYEQYF', 'CASSLSSAGQGSYEQYF'	3, 2, 1, 1, 1, 1, 1, 1
TRBV20-1.TRBJ2-4	5	2.32192809489	1.0	'CSARDLTGGSKNIQYF', 'CSAEPGYDKNIQYF', 'CSASSEGSRNIQYF', 'CSARDIRAGGRLGEDIQYF', 'CSALAGGNIQYF'	1, 1, 1, 1, 1
TRBV4-2.TRBJ1-6	1	0.0	0	'CASSQDRVGSPLHF'	1
TRBV6-2.TRBJ1-2	3	0.921928094887	0.581671865718	'CASSPQGKSNGYTF', 'CASSYKGADYGYTF', 'CASNRQGKSYGYTF'	8, 1, 1
TRBV6-2.TRBJ1-4	2	1.0	1.0	'CASSYSQIWDEKLFF', 'CASSPGHQNEKLFF'	1, 1
TRBV6-2.TRBJ1-5	4	2.0	1.0	'CASSKTTGMGQPQHF', 'CASSYPTQPQHF', 'CASSRGQGFNQPQHF', 'CASSPMGGYQPQHF'	1, 1, 1, 1
TRBV6-2.TRBJ1-6	3	0.773228348525	0.487852771389	'CASSSWGQNYNSPLHF', 'CASSQKDNSPLHF', 'CASSPPLGSPLHF'	11, 1, 1
TRBV28-1.TRBJ2-7	8	2.82257976184	0.940859920614	'CASRSEREAEQYF', 'CASTTRDSNEQYF', 'CASSSLRRTRSYEQYF', 'CASSRADYEQYF', 'CASRPGQAYEQYF', 'CASSARGPYEQYF', 'CASTRDTYGEQYF', 'CASSLGEIYEQYF'	3, 3, 3, 2, 1, 1, 1, 1
TRBV28-1.TRBJ2-6	2	1.0	1.0	'CASSPTPGRGESSGANVLTF', 'CASSRTGAYSGANVLTF'	1, 1
TRBV28-1.TRBJ2-5	8	3.0	1.0	'CASSSAGGPVLETQYF', 'CASSLFADTYQETQYF', 'CASSPSRHKKETQYF', 'CASSLTDSKETQYF', 'CASSLWGLAGPPQETQYF', 'CASSLYGGTQETQYF', 'CASSLSIRDGQGTQYF', 'CASSIAEYQETQYF'	1, 1, 1, 1, 1, 1, 1, 1
TRBV28-1.TRBJ2-4	2	0.811278124459	0.811278124459	'CASSFGVRNIQYF', 'CASSLPGLLQYF'	3, 1
TRBV28-1.TRBJ2-3	10	1.42886490043	0.43013119478	'CASRLQGADTQYF', 'CASRLGQGRADTQYF', 'CASSLGVRGQYF', 'CASSPRGLSTDTQYF', 'CASSDSTDTQYF', 'CASIRQGADTQYF', 'CASSLRTSGGTQDTQYF', 'CASSLFAAQKMYF', 'CASSYRRTGESTDTQYF', 'CASSWDSSSTDTQYF'	33, 1, 1, 1, 1, 1, 1, 1, 1, 1
TRBV20-1.TRBJ2-1	19	4.13684218813	0.973849524277	'CSATQRVGVEQFF', 'CSARDGDSGGDSGEQFF', 'CSARQLAGANEQFF', 'CSARGTRSSYNEQFF', 'CSAIRGKDEQFF', 'CSARSGGKNEQFF', 'CSAMGLNSYNEQFF', 'CSAREQRGMNEQFF', 'CSARWTSGGYEQFF', 'CSASRGLDSYNEQFF', 'CSARDGDTGVVEQFF', 'CSSVPGPPRNEQFF', 'CSARDQQGLNEQFF', 'CSAREDRGSNEQFF', 'CSAMTSANNEQFF', 'CSAITSGGYYNEQFF', 'CSFKGILSYNEQFF', 'CSARDGSGPGNNEQFF', 'CSASLRAANEQFF'	3, 2, 2, 2, 1, 1, 1, 1, 1, 1, 1, 1, 1, 1, 1, 1, 1, 1, 1
TRBV28-1.TRBJ2-1	11	3.39274741045	0.980723940942	'CASSSRMGTPGRGSYNEQFF', 'CASSLRTEAYNEQFF', 'CASSLGIPLLGEQFF', 'CASTPASSYNEQFF', 'CASSFPVVGGGSSYNEQFF', 'CASSLIVAGGLGSYNEQFF', 'CASSHIRDRPKGNEQFF', 'CASRLAGAYNEQFF', 'CASRAWAGGPHEQFF', 'CASSRGISYNEQFF', 'CASRSTGGNEQFF'	2, 2, 1, 1, 1, 1, 1, 1, 1, 1, 1
TRBV7-9.TRBJ1-5	3	1.5	0.946394630357	'CASSLAEGPIGQPQHF', 'CASSSDGGTYQPQHF', 'CASSPRGGSNQPQHF'	2, 1, 1
TRBV7-9.TRBJ1-1	16	2.91392151414	0.728480378535	'CASTSSVTEAFF', 'CASSSPAGIKNTEAFF', 'CASSFLETEAFF', 'CASSYVFENTEAFF', 'CASSYKEGGTTEAFF', 'CASSSFSLMDTEAFF', 'CASSLVGATEAFF', 'CASSLITGGDTEAFF', 'CASSLVDGTEAFF', 'CASSQEQGFHTEAFF', 'CASSPQNTEAFF', 'CASSGRVGEGGNTEAFF', 'CASILQGSGTEAFF', 'CASSRDRGQLNTEAFF', 'CASSKMEDTEAFF', 'CASSFYGQMNTEAFF'	19, 5, 2, 2, 1, 1, 1, 1, 1, 1, 1, 1, 1, 1, 1, 1
TRBV10-3.TRBJ2-4	1	0.0	0	'CAIMAGVDKNIQYF'	1
TRBV10-3.TRBJ2-5	4	1.92192809489	0.960964047444	'CAINPGQGQETQYF', 'CAISARVEETQYF', 'CAISAGGGTQYF', 'CAISAGTSGGVVETQYF'	2, 1, 1, 1
TRBV10-3.TRBJ2-7	6	2.50325833478	0.968392514041	'CAISPGGRYEQYF', 'CAISEWGRWDYEQYF', 'CAISESLDTGEQYF', 'CAISEVGQGAYEQYF', 'CAIKPRGRYEQYF', 'CAISESTGPYEQYF'	2, 2, 2, 1, 1, 1
TRBV10-3.TRBJ2-1	5	2.32192809489	1.0	'CAISESGASGDHNEQFF', 'CAINPGTSSNEQFF', 'CAISESQASGDNNEQFF', 'CAISAPGTGKGDNEQFF', 'CAISGRTGGLGEQFF'	1, 1, 1, 1, 1
TRBV10-3.TRBJ2-2	2	0.811278124459	0.811278124459	'CAISVTGELFF', 'CAAQSGGSGELFF'	3, 1
TRBV10-3.TRBJ2-3	2	1.0	1.0	'CAIGPRGRTDTQYF', 'CAISEADSTDTQYF'	1, 1
TRBV11-2.TRBJ1-2	7	2.34144607117	0.834039918775	'CASSDRTGNYGYTF', 'CASSLDVTGGDGYTF', 'CASSQDLNGYTF', 'CASSSWGTDYGYTF', 'CASSLTRQEGYYGYTF', 'CASGGLSYGYTF', 'CASSLDRGLGGYTF'	8, 5, 2, 2, 1, 1, 1
TRBV11-2.TRBJ1-1	8	2.84643934467	0.94881311489	'CASSLDRGGTEAFF', 'CASNSRDRGELPEAFF', 'CASSFGQMNTEAFF', 'CASSLQGYDTEAFF', 'CASSLSFRVDTEAFF', 'CASSLGQGLTLARAFF', 'CASSQQTSNAEAFF', 'CASSLTGVTEAFF'	3, 1, 1, 1, 1, 1, 1, 1
TRBV11-2.TRBJ1-5	1	0.0	0	'CASSVGTSQPQHF'	1
TRBV11-2.TRBJ1-4	4	2.0	1.0	'CASSLDRDTSNEKLFF', 'CASSSSPDSFLGLFF', 'CASSFRRGEGTNEKLFF', 'CASSLDQTTVGDEKLFF'	1, 1, 1, 1
TRBV20-1.TRBJ1-4	2	1.0	1.0	'CSAGGQGSPNEKLFF', 'CSARVGTEKLFF'	1, 1
TRBV6-5.TRBJ2-1	14	3.30617065171	0.868364184425	'CASWERGGYNEQFF', 'CASSYWGVKANEQFF', 'CASSYSTQGVPHNEQFF', 'CASSYSSSSGVSYNEQFF', 'CASRERGGLGNEQFF', 'CASSTGRSSYNEQFF', 'CASSPGQAYNEQFF', 'CASSLDRGIVNEQFF', 'CASAASGGQSRFF', 'CASSYSLWDRGQVNEQFF', 'CASSYKRPGQTYNEQFF', 'CASRERGGLSNEQFF', 'CASSSGFNSYNEQFF', 'CASRGGSGANNEQFF'	8, 2, 2, 1, 1, 1, 1, 1, 1, 1, 1, 1, 1, 1
TRBV20-1.TRBJ1-6	10	3.01057093427	0.906272155289	'CSAREDRGRSPLHF', 'CSARPRTGNSPLHF', 'CSARDYGLALHF', 'CSARVQGNNSPLHF', 'CSARVGRGVNNSPLHF', 'CSAREDRGYSPLHF', 'CSASQDRAESSYNSPLHF', 'CSARPRAGVTLDSPLHF', 'CSARGTEYRLNSPLHF', 'CSARVTGHLYNSPLHF'	6, 2, 2, 2, 2, 1, 1, 1, 1, 1
TRBV25-1.TRBJ2-5	1	0.0	0	'CASSDRGHRETQYF'	3
TRBV6-5.TRBJ2-4	1	0.0	0	'CASGTGGKSIQYF'	10
TRBV20-1.TRBJ1-1	19	3.69662499916	0.870218474176	'CSARDENLGAEAFF', 'CSALDSYNTEAFF', 'CSARGGWDTEAFF', 'CSAGQANTEAFF', 'CSALGQGGMNTEAFF', 'CSAKDPFNTEAFF', 'CATGQANTEAFF', 'CSAGTGTGYTEAFF', 'CSARYKNTEAFF', 'CSARDRAGNTEAFF', 'CSAPSGQGTAEAFF', 'CSADRAVEAFF', 'CSVKGQVISTEAFF', 'CSGGAANTEAFF', 'CSAPWSNTEAFF', 'CSASRGGLDTEAFF', 'CSAQGQGETEAFF', 'CSAFITVPVTEAFF', 'CSARARDIYTEAFF'	9, 8, 6, 4, 2, 2, 2, 1, 1, 1, 1, 1, 1, 2, 1, 1, 1, 1, 1
TRBV20-1.TRBJ1-2	17	3.12743012886	0.765127476463	'CSARDVGQLSNYGYTF', 'CSAREKGVLNYGYTF', 'CSVLPTGGYTF', 'CSALGRAGYTF', 'CSARPLGQAKADGYTF', 'CSASAGNYGYTF', 'CSAYNSKPGYGYTF', 'CSARDQRQGFNGYTF', 'CSARNRDYGYTF', 'CSAREQGQGKGYGYTF', 'CSARFHGYTF', 'CSAGGLGLNYGYTF', 'CSAREAGELVSYGYTF', 'CSAYSHQGQGISNYGYTF', 'CSARGQGAFYGYTF', 'CSAREAGQLANYGYTF', 'CSARDRRLDRVHGYTF'	13, 12, 2, 2, 1, 1, 1, 1, 1, 1, 1, 1, 1, 1, 1, 1, 1
TRBV6-5.TRBJ2-7	5	2.12808527889	0.9165164432	'CASRGLLRGEQYF', 'CASSREMGYDYEQYF', 'CASSYFRQGGDYEQYF', 'CASSYSTGGLSSYEQYF', 'CASSYSGGGEQYF'	3, 1, 1, 1, 1
TRBV7-2.TRBJ1-5	7	2.20281953111	0.784660148885	'CASSEELNQPQHF', 'CASSSRGGEQQPQHF', 'CASSRGLNQPQHF', 'CASSLGLNQPQHF', 'CASSPDRGDQPQHF', 'CASSPGQGTIGLNQPQHF', 'CASSSRVGGNQPQHF'	8, 3, 1, 1, 1, 1, 1
TRBV7-2.TRBJ1-4	3	1.58496250072	1.0	'CASSTQVGGNEKLFF', 'CASSPKTGTNEKLFF', 'CASSLEPYRGRPATNEKLFF'	1, 1, 1
TRBV7-2.TRBJ1-6	8	2.65563906223	0.885213020743	'CASSPGSPGDNSPLHF', 'CASSRGQGAGNSPLHF', 'CASSLGTTRNSPLHF', 'CASSLEGSSPLHF', 'CASSFSGPLHF', 'CASSLAPMGNSPLHF', 'CASSLDRLNNSPLHF', 'CASSTRTGARSPLHF'	6, 2, 2, 2, 1, 1, 1, 1
TRBV7-2.TRBJ1-1	7	2.75	0.979569764547	'CASSLNLRGTAFF', 'CASSFRQNTEAFF', 'CASSLESLMNTEAFF', 'CASRLGQFYTEAFF', 'CASSLSGQGSTEAFF', 'CASSFSLNTEAFF', 'CASSLYRESFF'	2, 1, 1, 1, 1, 1, 1
TRBV7-2.TRBJ1-3	1	0.0	0	'CASSSREPSGNTIYF'	2
TRBV7-2.TRBJ1-2	7	2.73215889136	0.973214633425	'CASSPTGINGYTF', 'CASSPQTNYGYTF', 'CASSLTGQGGYGYTF', 'CASSLAWRQGDGYTF', 'CASSVGATSNYGYTF', 'CASGQGGGYTF', 'CASSLSGGDYGYTF'	2, 2, 2, 2, 1, 1, 1
TRBV7-2.TRBJ2-6	1	0.0	0	'CASSSQIQLRTSGGCSGANVLTF'	1
TRBV7-2.TRBJ2-7	12	3.34144607117	0.932072809825	'CASSFYSGGAGEQYF', 'CASSLDVGGEQYF', 'CASSFDRVEQYF', 'CASSFKTSAGEQYF', 'CASSPGWAWGYEQYF', 'CASSLTGAHYEQYF', 'CASSSWTGPSSYEQYF', 'CASSPRAYEQYF', 'CASTLFGGETSYEQYF', 'CASSPRQVSYEQYF', 'CASSSDTGNEQYF', 'CASSPWTGPSSYEQYF'	5, 2, 2, 2, 2, 1, 1, 1, 1, 1, 1, 1
TRBV7-2.TRBJ2-5	8	2.75162916739	0.917209722463	'CASSLARQETQYF', 'CASSPAGTGDPSRYF', 'CASSSRLAGAGAQYF', 'CASSFQRGGQETQYF', 'CASSPQVLVETQYF', 'CASSLNGGGAETQYF', 'CASSLWGTGGEETQYF', 'CASSITGIPTQYF'	4, 2, 1, 1, 1, 1, 1, 1
TRBV7-2.TRBJ2-2	2	1.0	1.0	'CASSPPPGTGELFF', 'CASSLVRLAVMNTGELFF'	1, 1
TRBV7-2.TRBJ2-3	11	3.45943161864	1.0	'CASSFYLSGVPSTDTQYF', 'CASSLGWGGASTDTQYF', 'CASRGQQLGQGPYTDTQYF', 'CASSFSVGGTDTQYF', 'CASSLTTGFTDTQYF', 'CASSLEAEGAQYF', 'CASSLIQGGTDTQYF', 'CASSLTSGGGDTQYF', 'CASSSRTGGSTDTQYF', 'CASSPDRLAGSDTQYF', 'CASSFQAGGHADTQYF'	1, 1, 1, 1, 1, 1, 1, 1, 1, 1, 1
TRBV7-2.TRBJ2-1	10	3.18200581476	0.95787919662	'CASSSRDRALVGQFF', 'CASSLEAENEQFF', 'CASSLDFTEQFF', 'CASSSPGFGNEQFF', 'CASRHDIQNRQFF', 'CASSLAAGDYNEQFF', 'CASSPRGGGLYNEQFF', 'CASSVADRVGEQFF', 'CASSLVAGGTRNEQFF', 'CASSLASRGSSYNEQFF'	3, 2, 2, 1, 1, 1, 1, 1, 1, 1
TRBV10-3.TRBJ1-6	1	0.0	0	'CAISEYRGSGNSPLHF'	1
TRBV10-3.TRBJ1-5	2	0.811278124459	0.811278124459	'CAISDSNQPQHF', 'CAISEEWGNNQPQHF'	3, 1
TRBV10-3.TRBJ1-3	2	1.0	1.0	'CAIGAGNSGNTIYF', 'CAISSGKSSGNTIYF'	1, 1
TRBV10-3.TRBJ1-2	3	1.58496250072	1.0	'CAISEGNYGYTF', 'CAISPSGDRISYGYTF', 'CAISDGPGAGYGYTF'	1, 1, 1
TRBV10-3.TRBJ1-1	4	1.92192809489	0.960964047444	'CAISESRGNTEAFF', 'CAIGGGPEAFF', 'CAINTDRGDTEAFF', 'CAISDPGQGTTEAFF'	2, 1, 1, 1
TRBV7-7.TRBJ2-2	1	0.0	0	'CASTSGRGVAGELFF'	2
TRBV7-7.TRBJ2-1	1	0.0	0	'CASSLGGSSSEEQFF'	1
TRBV7-7.TRBJ2-5	2	0.811278124459	0.811278124459	'CASSPFNPGVGETQYF', 'CASSSGGTVETQYF'	3, 1
TRBV25-1.TRBJ1-5	1	0.0	0	'CASKKYSNQPQHF'	2
TRBV25-1.TRBJ1-4	1	0.0	0	'CASSVSRGNNEKLFF'	1
TRBV25-1.TRBJ1-6	2	0.918295834054	0.918295834054	'CASSESAGNSPLHF', 'CASSKGGGAPSYNSPLHF'	2, 1
TRBV25-1.TRBJ1-1	1	0.0	0	'CASSEWTGSKGRTEAFF'	1
TRBV25-1.TRBJ1-3	2	0.721928094887	0.721928094887	'CASSDPSGNTIYF', 'CASSDAGGENTIYF'	4, 1
TRBV25-1.TRBJ1-2	1	0.0	0	'CASSETGRMAVYGYTF'	1
TRBV1-1.TRBJ2-6	1	0.0	0	'CTKSRANVLTF'	1
TRBV4-2.TRBJ2-1	2	1.0	1.0	'CASSLPSSTNEQFF', 'CASSQTGLSEDEQFF'	1, 1
TRBV4-2.TRBJ2-3	2	0.591672778582	0.591672778582	'CASSPGSGTTDTQYF', 'CASSQEIVPQIGDTQYF'	6, 1
TRBV7-9.TRBJ2-2	8	1.23571343133	0.411904477111	'CASRHRAIEAGELFF', 'CASSSGLDTGELFF', 'CASSLVPGTTGELFF', 'CASSHPQGARAGELFF', 'CASSWFSSGQGNTGELFF', 'CASRKGGTGELFF', 'CASSREFPTGELFF', 'CASSLSQTGTGELFF'	42, 5, 1, 1, 1, 1, 1, 1
TRBV7-9.TRBJ2-5	8	2.85538854221	0.951796180736	'CASSPRRVAGGLKQETQYF', 'CASSPGTGEVTQYF', 'CASSLYAGGTQETQYF', 'CASSPKSAGEIYQETQYF', 'CASSAKASGGLYQETQYF', 'CASSWDRGETQYF', 'CASSEQGSEATQYF', 'CASSVRQGFEETQYF'	3, 2, 2, 1, 1, 1, 1, 1
TRBV7-9.TRBJ2-7	15	2.03503051341	0.520882390641	'CASSPPTGSYEQYF', 'CASSLESGQTPYEQYF', 'CASSPTPGQAYEQYF', 'CASSSTVTGTGSIEQYF', 'CASSPASSYEQYF', 'CASSLRGGYEQYF', 'CASSSDTGGDEQYF', 'CASSLGGSGMEQYF', 'CASSLAGVNYEQYF', 'CASSPPSGSYEQYF', 'CASSLASYEQYF', 'CASSLEFDIRPYEQYF', 'CASTKPTGRTYEQYF', 'CASSPGGLGETYEQYF', 'CASSLETGGANMKVYEQYF'	53, 7, 4, 2, 2, 2, 1, 1, 1, 1, 1, 1, 1, 1, 1
TRBV7-9.TRBJ2-6	2	0.721928094887	0.721928094887	'CASSLVLQYGPRSGANVLTF', 'CASSLEGPSGGANVLTF'	4, 1
TRBV4-2.TRBJ1-2	3	1.5	0.946394630357	'CASQGSYGYTF', 'CASRGGAGYGYTF', 'CASSQGQAPNYGYTF'	2, 1, 1
TRBV7-9.TRBJ1-3	1	0.0	0	'CASSLIGRSSGNTIYF'	1
TRBV20-1.TRBJ2-5	12	2.68419636451	0.748737640621	'CSARDPGQGAQGETQYF', 'CSARDSYIQETQYF', 'CSARAPAEPPGTQYF', 'CSALELAGSQETQYF', 'CSAPSANLDQETQYF', 'CSAFGSGGLRETQYF', 'CSPIRGKETQYF', 'CSARDGAGAQETQYF', 'CSVSGDQETQYF', 'CSVEIGLTETQYF', 'CSALSGDQETQYF', 'CSARVGGQETQYF'	13, 8, 2, 1, 1, 1, 1, 1, 1, 1, 1, 1
TRBV4-2.TRBJ1-1	1	0.0	0	'CASSHVEVAKEAFF'	2
TRBV7-9.TRBJ1-6	2	0.918295834054	0.918295834054	'CASSLGTEYNSPLHF', 'CASSQQYGTSTSPLHF'	2, 1
TRBV20-1.TRBJ2-2	7	2.725480557	0.970835762726	'CSARGLAGDTGELFF', 'CSARDHEGTGELFF', 'CSARASRGGQNTGELFF', 'CSASERPRAGELFF', 'CSASSNTNTGELFF', 'CSARYTGLPTANTGELFF', 'CSARFPNTGELFF'	2, 2, 1, 1, 1, 1, 1
TRBV4-2.TRBJ1-4	1	0.0	0	'CASSQEQGRSNEKLFF'	1
TRBV4-2.TRBJ1-5	2	1.0	1.0	'CASSQDGVNSLAQHF', 'CASSQDWDRTSRPQHF'	1, 1
TRBV2-1.TRBJ2-1	10	3.27761343682	0.986659958674	'CASSSSGGTYNEQFF', 'CASSDASGGANEQFF', 'CASSEALAGGWEGQFF', 'CATTAGTFYNEQFF', 'CASSVGTRRGSSYNEQFF', 'CASSLGTSGGAYNEQFF', 'CASNLHQGSYNEQFF', 'CASSVTSDNEQFF', 'CASRPGARSYNEQFF', 'CASSRAGGPYNEQFF'	2, 1, 1, 1, 1, 1, 1, 1, 1, 1
TRBV2-1.TRBJ2-2	3	1.14883485428	0.724834091506	'CASRDAGVQVTGELFF', 'CASSLAGLANTGELFF', 'CASSGVSNTGELFF'	5, 1, 1
TRBV2-1.TRBJ2-3	8	2.84643934467	0.94881311489	'CASSAWSGGTDTQYF', 'CASRGGTGTDTQYF', 'CASSEMGTQSGDTQYF', 'CASRRRAAGGPTDTQYF', 'CASRVGAPGTDTQYF', 'CASSGDTGADTQYF', 'CASSLSTRRDTQYF', 'CASRYPTSTLPDTQYF'	3, 1, 1, 1, 1, 1, 1, 1
TRBV2-1.TRBJ2-4	2	1.0	1.0	'CASRGGAKNIQYF', 'CASSEGSTGETI'	1, 1
TRBV2-1.TRBJ2-5	4	1.92192809489	0.960964047444	'CASSEYGGETQYF', 'CASSERGFGAEETQYF', 'CASSAQRGGQETQYF', 'CASSAIRQETQYF'	2, 1, 1, 1
TRBV2-1.TRBJ2-6	3	1.58496250072	1.0	'CASSELATGTNVLTF', 'CASTLAGGAGANVLTF', 'CASSGVTGANVLTF'	1, 1, 1
TRBV2-1.TRBJ2-7	14	3.41334426235	0.896513283427	'CASIGGAYEQYF', 'CASSEGTGYEQYF', 'CASSDYEQYF', 'CASSDRTGTYEQYF', 'CASRVWTSGAGEQYF', 'CASSADRTGFYEQYF', 'CASSGRGGQYF', 'CASVGGALYEQYF', 'CASSDRPEQYF', 'CASAGDQDSYEQYF', 'CASHETGASSYEQYF', 'CASRHTGGGYEQYF', 'CASSGGAYEQYF', 'CASSAGLAGGAYSYEQYF'	7, 7, 4, 3, 2, 2, 2, 2, 1, 1, 1, 1, 1, 1
TRBV30-1.TRBJ2-1	3	1.5	0.946394630357	'CAWSGDGTGAYNEQFF', 'CAWSRARLAGGIYNEQFF', 'CAWSVSLGGGSYNEQFF'	2, 1, 1
TRBV28-1.TRBJ2-2	9	2.27839855851	0.718754720529	'CASSFRGLGELFF', 'CASSFRGTGELFF', 'CASSPRGLGTGELFF', 'CASSQRGSGELFF', 'CASSYGQLNTGELFF', 'CASSPRGGGELFF', 'CASSRRSGELFF', 'CASSFRGDGELFF', 'CAFAWRNTGELFF'	16, 15, 4, 3, 1, 1, 1, 1, 1
TRBV6-6.TRBJ1-4	2	1.0	1.0	'CASSRLQGTNEKLFF', 'CASSQNTGGKLFF'	1, 1
TRBV6-6.TRBJ1-5	4	1.6577427265	0.828871363252	'CASSHSGGAGNQPQHF', 'CASSYYSNQPQHF', 'CASQGTFGQPQHF', 'CASRTGGEGQPQHF'	5, 2, 1, 1
TRBV6-6.TRBJ1-6	3	1.58496250072	1.0	'CASSYGTGANSPLHF', 'CASRTVDNSPLHF', 'CASSFGGESPLHF'	1, 1, 1
TRBV6-6.TRBJ1-1	5	2.32192809489	1.0	'CASSYESGSYTEAFF', 'CASRGSMNTEAFF', 'CASSYTVGSTEAFF', 'CASSNPGQANTEAFF', 'CASTPNLFEAFF'	1, 1, 1, 1, 1
TRBV6-6.TRBJ1-2	5	1.94553055604	0.8378944035	'CASSYKGADYGYTF', 'CASSVIQTNYGYTF', 'CAILHEGGGGYTF', 'CASSYGDRANYGYTF', 'CASSRQGAGYTF'	9, 3, 3, 2, 1
TRBV5-5.TRBJ1-1	2	1.0	1.0	'CASNRGLNTEAFF', 'CASSFLPPHTEAFF'	1, 1
TRBV5-5.TRBJ1-3	1	0.0	0	'CASSPWDRRENTIYF'	2
TRBV9-1.TRBJ1-5	1	0.0	0	'CASSVGGPNQPQHF'	4
TRBV14-1.TRBJ2-3	2	1.0	1.0	'CASSPLAGGDTQYF', 'CASSQAPADTQYF'	1, 1
TRBV6-6.TRBJ2-7	4	1.92192809489	0.960964047444	'CASSYSYEQYF', 'CASSPGGNRWSYEQYF', 'CASAIPGVYEQYF', 'CASSYRDRERGEQYF'	2, 1, 1, 1
TRBV6-6.TRBJ2-5	2	1.0	1.0	'CASSYTGATETQYF', 'CASRKTGLAVQETQYF'	1, 1
TRBV6-6.TRBJ2-3	2	1.0	1.0	'CASSFTSGGGDTQYF', 'CASSYHSSDTQYF'	1, 1
TRBV6-6.TRBJ2-1	2	1.0	1.0	'CASSPDYRATNEQFF', 'CASSSGTVGYNEQFF'	1, 1
TRBV14-1.TRBJ2-1	3	1.58496250072	1.0	'CASSPLTQGAGGGAYNEQFF', 'CASSQGASGLAALDEQFF', 'CASSQQFSSYNEQFF'	1, 1, 1
TRBV6-2.TRBJ1-1	12	3.45281953111	0.963139650811	'CATVTGNTEAFF', 'CASTEGGRFHTEAFF', 'CASSYWRTEAFF', 'CASSYLSQGRMNTEAFF', 'CASSYPYGGLGTEAFF', 'CASSPGGGTEAFF', 'CASMASSLNTEAFF', 'CASRQGVEAFF', 'CASSSQGPSTEAFF', 'CASRPPSAGQGTEAFF', 'CAVRQGVVTEAFF', 'CASRRQSNTEAFF'	3, 2, 2, 1, 1, 1, 1, 1, 1, 1, 1, 1
TRBV6-4.TRBJ2-1	1	0.0	0	'CASSDLTSGGVKEQFF'	1
TRBV6-4.TRBJ2-3	1	0.0	0	'CASSEERGSTDTQYF'	1
TRBV6-4.TRBJ2-4	1	0.0	0	'CASSDGTSGGPTQYF'	1
TRBV5-6.TRBJ2-1	3	1.58496250072	1.0	'CASSLARTYNEQFF', 'CASSLNARGDNEQFF', 'CASSLRGVYNEQFF'	1, 1, 1
TRBV5-6.TRBJ2-2	4	2.0	1.0	'CASSLEGMRELFF', 'CASSLAPGDAGELFF', 'CASSLEGMGELFF', 'CASSFADSTGELFF'	1, 1, 1, 1
TRBV5-6.TRBJ2-3	3	1.58496250072	1.0	'CASSRDRPSDTQYF', 'CASSLGGVIGTDTQYF', 'CASSQERYSTDTQYF'	1, 1, 1
TRBV5-6.TRBJ2-5	2	1.0	1.0	'CASSLSGIETQYF', 'CASSSMVGGETQYF'	1, 1
TRBV5-6.TRBJ2-7	6	1.96691718669	0.760907435268	'CASSLGDLAYEQYF', 'CASSPQGVSYEQYF', 'CASSSQKKGTIYSYEQYF', 'CASSPGVGSGDEQYF', 'CASSQWTSGAFTGEQYF', 'CASSLETSGGGEQYF'	9, 2, 2, 1, 1, 1
TRBV5-5.TRBJ2-7	1	0.0	0	'CASSLAVTDIFEQYF'	2
TRBV5-5.TRBJ2-5	1	0.0	0	'CASSMTSSGETQYF'	1
TRBV6-4.TRBJ1-2	2	0.918295834054	0.918295834054	'CASSRQGWVYGYTF', 'CASSGGRAPRDGYTF'	2, 1
TRBV5-6.TRBJ1-2	2	1.0	1.0	'CASSLGQGVYGYTF', 'CASSPDTSYGYTF'	1, 1
TRBV5-6.TRBJ1-1	5	2.25162916739	0.969723899868	'CASRGQGFPNEAFF', 'CASSFYGQLLGEAFF', 'CASSLAGGWNTEAFF', 'CASSLGDLDTEAFF', 'CASSSDMNTEAFF'	2, 1, 1, 1, 1
TRBV6-4.TRBJ1-1	3	1.5	0.946394630357	'CASSPGTTNTEAFF', 'CASSDLGGGEGHDTEAFF', 'CASSPGGVNTEAFF'	2, 1, 1
TRBV6-4.TRBJ1-6	1	0.0	0	'CASSDSPGNSPLHF'	6
TRBV5-6.TRBJ1-6	3	1.5	0.946394630357	'CASSSGTANSPLHF', 'CASSGTGGAYNSPLHF', 'CASSLGYNSPLHF'	2, 1, 1
TRBV5-6.TRBJ1-5	1	0.0	0	'CASSFRGLGNQPQHF'	1
TRBV6-4.TRBJ1-5	1	0.0	0	'CASTSQKRYSNQPQHF'	1
TRBV4-3.TRBJ2-7	7	2.725480557	0.970835762726	'CASSQDRARSYEQYF', 'CASSQGQTGGIIYF', 'CASSQSYGTGGYEQYF', 'CASSQDELGGNHEQYF', 'CASSAGTGGSYEQYF', 'CASSQDQGPYEQYF', 'CASSQIGTGVYEQYF'	2, 2, 1, 1, 1, 1, 1
TRBV6-5.TRBJ1-3	2	0.918295834054	0.918295834054	'CASSYSKFSVGNTIYF', 'CASSNGNTIYF'	2, 1
TRBV6-5.TRBJ1-2	6	2.52164063634	0.975503759006	'CASSYLLSNYGYTF', 'CASSLRTQAYGYTF', 'CASRLWDRGNGYTF', 'CASSWGQEINYGYTF', 'CASSYFTPGQGSYGYTF', 'CASSYQGAGGYTF'	2, 1, 1, 1, 1, 1
TRBV6-5.TRBJ1-1	7	2.72192809489	0.96957035019	'CASSYSLVSEAFF', 'CASTETGFTEAFF', 'CASSGETEAFF', 'CASSFEGPNTEAFF', 'CASRETAVNTEAFF', 'CASSYDRKNTEAFF', 'CASSYTGTAEAFF'	2, 2, 2, 1, 1, 1, 1
TRBV6-5.TRBJ1-6	4	1.83659166811	0.918295834054	'CASSYAGRGGPDSPLHF', 'CASSYPRGGENSPLHF', 'CASSYRETAPLHF', 'CASSYLLQGRNSPLHF'	4, 2, 2, 1
TRBV6-5.TRBJ1-5	5	2.25162916739	0.969723899868	'CASSLVGNQPQHF', 'CASSSRVSGERGNQPQHF', 'CASSYSQPHSNQPQHF', 'CASRYRGDNQPQHF', 'CASSLRQGGSNQPQHF'	2, 1, 1, 1, 1
TRBV6-5.TRBJ1-4	3	1.5	0.946394630357	'CATRGSTNEKLFF', 'CASSSGTLNEKLFF', 'CASSYVGGGNEKLFF'	2, 1, 1
TRBV12-5.TRBJ1-2	1	0.0	0	'CASGISGSGYTF'	1
TRBV12-5.TRBJ1-1	2	1.0	1.0	'CASGPIEVEDGAFF', 'CASGWDSSMNTEAFF'	2, 2
TRBV7-3.TRBJ1-5	2	0.811278124459	0.811278124459	'RASSPRTGGDQPQHF', 'CASSEDGLGPQHF'	3, 1
TRBV7-3.TRBJ1-6	1	0.0	0	'CASSPGQGLPLHF'	1
TRBV7-3.TRBJ1-1	3	1.37095059445	0.864973520718	'RASSQGQGSNTEAFF', 'CASSSGQGLEAFF', 'CASSLGHSGGRTEAFF'	3, 1, 1
TRBV7-3.TRBJ1-2	1	0.0	0	'CASSLTGVKNGYTF'	1
TRBV7-3.TRBJ1-3	1	0.0	0	'CASSLGPAGAGGNTIYF'	1
TRBV20-1.TRBJ2-7	20	4.13294404498	0.956273208217	'CSARGPGIRSYEQYF', 'CSAEVDRASYEQYF', 'CSASRLAGGGQYF', 'CSAEESGLYEQYF', 'CSATGFSYEQYF', 'CSARDSLAGGLYEQYF', 'CSAADLRNYEQYF', 'CSAEGLAGAYEQYF', 'CSARDSWGRVNEQYF', 'CSGTRQGWYEQYF', 'CSLRTSVYEQYF', 'CSAPPGTGAFYEQYF', 'CSALTGARGSNGEQYF', 'CSASKSSRGGEQYF', 'CSAPQTGGAENEQYF', 'CSASGRTYEQYF', 'CSAGRAGPHGEQYF', 'CSVLGGRSYEQYF', 'CSASPLTSDSYEQYF', 'CSARRRGGYEQYF'	4, 3, 2, 1, 1, 1, 1, 1, 1, 1, 1, 1, 1, 1, 1, 1, 1, 1, 1, 1
TRBV12-5.TRBJ2-1	1	0.0	0	'CASGTAGGPLHEQFF'	1
TRBV7-3.TRBJ2-7	3	1.48547529723	0.937230563216	'RASRGALNEQYF', 'RAKVRASSPDRLGYEQYF', 'CASSAGTGEGYEQYF'	5, 3, 2
TRBV7-3.TRBJ2-5	2	1.0	1.0	'CASSSGPQETQYF', 'CASSLNGRTQYF'	1, 1
TRBV7-3.TRBJ2-3	6	2.58496250072	1.0	'RASSLEGLSTDTQYF', 'CASSRLAGGQDTQYF', 'CASSLITGKGGDTQYF', 'CASSFISGGRTDTQYF', 'CASSLIAGGGTDTQYF', 'RASSSYGTRIDTQYF'	1, 1, 1, 1, 1, 1
TRBV7-3.TRBJ2-2	2	1.0	1.0	'CASSPSGSTGDTGELFF', 'CASSLRGTGELFF'	1, 1
TRBV7-3.TRBJ2-1	8	2.84535093662	0.948450312207	'RASSLCPPGAANEQFF', 'CASSTGVNNEQFF', 'CASSSLAGGYNEQFF', 'CASSSTGGNEQFF', 'CASSLMGGPNEQFF', 'CASSLSGGLSDEQFF', 'CASSLTPGHNEQFF', 'CASSSGGQDEQFF'	3, 2, 1, 1, 1, 1, 1, 1
TRBV25-1.TRBJ2-3	2	1.0	1.0	'CASQISTDTQYF', 'CASRYTDTQYF'	1, 1
TRBV8-2.TRBJ1-4	1	0.0	0	'HES'	1
TRBV2-1.TRBJ1-3	1	0.0	0	'CASSEDRSPGNTIYF'	1
TRBV2-1.TRBJ1-2	8	2.91397707318	0.971325691061	'CASSTGTLYGYTF', 'CASSESTGPYGYTF', 'CASSRRTGGFNGYTF', 'CASSESGTGLYGYTF', 'CASSDSLEGEDYGYTF', 'CASSPGTPTNYGYTF', 'CASSDRDRVIVYGYTF', 'CASSESSTGDVGTNYGYTF'	2, 2, 2, 1, 1, 1, 1, 1
TRBV2-1.TRBJ1-1	6	2.44643934467	0.946411928215	'CASSVKGGTEAFF', 'CASSQQGTEAFF', 'CASSEGRGGISEAFF', 'CAIQGATNTEAFF', 'CASSEETGRNTEAFF', 'CASSEALWGSGWYTEAFF'	3, 2, 2, 1, 1, 1
TRBV2-1.TRBJ1-6	5	2.23592635063	0.962961064795	'CASSAGFYNSPLHF', 'CASRQAGVPNSPLHF', 'CASSEARGGLYSPLHF', 'CASRPGTGIVDLRSPLHF', 'CASSQSSYNSPLHF'	2, 2, 1, 1, 1
TRBV2-1.TRBJ1-5	6	2.40563906223	0.930628224417	'CASGRTLSNQPQHF', 'CASSEGGGQPQHF', 'CASSRGLDGQPQHF', 'CASSEGRGPSNQPQHF', 'CASSEMGNQPQHF', 'CASSDQGPSNQPQHF'	3, 1, 1, 1, 1, 1
TRBV2-1.TRBJ1-4	1	0.0	0	'CASTGEREKLFF'	2
TRBV5-5.TRBJ1-5	2	0.721928094887	0.721928094887	'CASSLEGGDQPQHF', 'CASSLGVSAVNQPQHF'	4, 1
TRBV5-5.TRBJ1-6	1	0.0	0	'CASLQAGYNSPLHF'	2
TRBV30-1.TRBJ2-3	2	1.0	1.0	'CACPPSGASDTQYF', 'CAWRARDTQYF'	1, 1
TRBV30-1.TRBJ2-4	1	0.0	0	'CAWGDFKNIQYF'	1
TRBV30-1.TRBJ2-5	2	0.811278124459	0.811278124459	'CAWSVHWGKETQYF', 'CAWSPPGGGLGETQYF'	3, 1
TRBV5-5.TRBJ1-2	1	0.0	0	'CASSSYREGHYGYTF'	1
TRBV30-1.TRBJ2-7	4	1.92192809489	0.960964047444	'CACPTPGSAYEQYF', 'CAWSWGPIYEQYF', 'CAWGPKRAPYEQYF', 'CASRLAGGNEQYF'	2, 1, 1, 1
TRBV30-1.TRBJ1-3	1	0.0	0	'CAWSVLGNTIYF'	3
TRBV30-1.TRBJ1-2	5	1.44421061726	0.621987657776	'CAWRDTSNTYGYTF', 'CAWRDPQGGGYTF', 'CAWSTEGYFGYTF', 'CAWRRTGGYGYTF', 'CAWFNGHLVF'	19, 15, 1, 1, 1
TRBV30-1.TRBJ1-1	5	2.23592635063	0.962961064795	'CAWSLGYTEAFF', 'CAWSFRTDYTEAFF', 'CAWSGNRGVNTEAFF', 'CAWSRGSVRNTEAFF', 'CAWRSRLTFMNTEAFF'	2, 2, 1, 1, 1
TRBV5-5.TRBJ2-3	2	1.0	1.0	'CASTHRDGDSLADTQYF', 'CASSLELAGGRDTQYF'	1, 1
TRBV30-1.TRBJ1-4	3	1.58496250072	1.0	'CAWSGQRPGTGRKATNEKLFF', 'CAWSGGRLATNEKLFF', 'CAWSPQGGEKLFF'	1, 1, 1
TRBV20-1.TRBJ2-3	15	3.80776357642	0.974627643963	'CSATLTSTDTQYF', 'CSARVLGTNTDTQYF', 'CSARGFRLAGADAQYF', 'CSAKGLAGGLGLADTQYF', 'CSARVSGGGPTDTQYF', 'CSANPGLAGARTDTQYF', 'CSARVIGILTSSTDTQYF', 'CSAGTASSTDTQYF', 'CSASPPGGGGKDTQYF', 'CSAENRGYTDTQYF', 'CSASPRGGARTDTQYF', 'CSARDSSGADTQYF', 'CSARSQRGVTDTQYF', 'CSARDRRRLSTDTQYF', 'CSAYTSADTQYF'	3, 1, 1, 1, 1, 1, 1, 1, 1, 1, 1, 1, 1, 1, 1
TRBV6-8.TRBJ2-5	1	0.0	0	'CASSSHFGAAGTQYF'	1
TRBV6-8.TRBJ2-4	1	0.0	0	'CAPRKGHWENIQYF'	1
TRBV19-1.TRBJ2-7	7	2.62351664122	0.934515483099	'CASSITYGDYEQYF', 'CASSPTGQTSSYEQYF', 'CASSIDSQQSYEQYF', 'CASRPGQGIGEQYF', 'CASSVGRDSSYEQYF', 'CASSTGPGTSAREQYF', 'CASSTYHLGQPLTYEQYF'	4, 2, 2, 2, 1, 1, 1
TRBV19-1.TRBJ2-6	2	0.721928094887	0.721928094887	'CASSPGQASGANVLTF', 'CASSIPGQGLTFSGANVLTF'	8, 2
TRBV19-1.TRBJ2-5	6	2.52164063634	0.975503759006	'CASSIGPNQETQYF', 'CASSWTVQETQYF', 'CASSKDFQRETQYF', 'CATSGQGRETQYF', 'CASSSWTGGHQETQYF', 'CASSIGQKETQYF'	2, 1, 1, 1, 1, 1
TRBV19-1.TRBJ2-4	2	1.0	1.0	'CASSIAGGGSQNLAKNIQYF', 'CASSIQGPIQYF'	1, 1
TRBV19-1.TRBJ2-3	11	3.06803033586	0.886859656175	'CASSIDLASGYTDTQYF', 'CASTGTASTDTQYF', 'CASSWGADTQYF', 'CASRSGGASTDTQYF', 'CASGGAGDTQYF', 'CASSFFAAGGTDTQYF', 'CASTGGTAPGDTQYF', 'CASRTGTTTDTQYF', 'CASSIGQSTDTQYF', 'CASSLGLAGGRLTDTQYF', 'CASSVGQTPTDTQYF'	7, 4, 3, 2, 2, 1, 1, 1, 1, 1, 1
TRBV19-1.TRBJ2-2	3	1.58496250072	1.0	'CASSPRVGGTGELFF', 'CASNPRQNTGELFF', 'CASSDRTDTRELFF'	1, 1, 1
TRBV19-1.TRBJ2-1	7	2.80735492206	1.0	'CASRTGQGVSNEQFF', 'CASTQDYNEQFF', 'CASSGTGTSGVYEQFF', 'CASSWGQGGWEQFF', 'CASSDRGHGYEQFF', 'CASKGQYNEQFF', 'CASTPAEGALYNEQFF'	1, 1, 1, 1, 1, 1, 1
TRBV6-9.TRBJ1-5	1	0.0	0	'CASIRGQAGQPQHF'	2
TRBV19-1.TRBJ1-4	2	1.0	1.0	'CASSSTGIATNEKLFF', 'CASSRRTNEKLFF'	1, 1
TRBV19-1.TRBJ1-5	11	3.11937025768	0.901700221758	'CASAQEYSNQPQHF', 'CASSINPSNQPQHF', 'CASSTGTGPGGQPQHF', 'CASSEGGESQPQHF', 'CASGSTGRRQPQHF', 'CASSIVWNQPQHF', 'CASSNRVLGNQPQHF', 'CASSIWVSNQPQHF', 'CASKEILGNQPQHF', 'CASSIGGQPQHF', 'CASMLQGLGNQPQHF'	7, 6, 5, 4, 3, 2, 2, 1, 1, 1, 1
TRBV19-1.TRBJ1-6	4	1.90563906223	0.952819531115	'CASSTLEGADSPLHF', 'CASRPQSGWALHF', 'CASSIDGNSPLHF', 'CASSRDPEVYYNSPLHF'	3, 2, 2, 1
TRBV19-1.TRBJ1-1	12	3.3502090291	0.934517175124	'CASSRPGQFEAFF', 'CASTSRDRGVPEAFF', 'CASSIELGAEAFF', 'CASIGRDTEAFF', 'CASSIVGDTEAFF', 'CASTRGPGSVEAFF', 'CASSSMLNTEAFF', 'CASSYSLDTEAFF', 'CASSIHLSGRAEAFF', 'CASSIDRDRVNTEAFF', 'CASSIFPRTLNTEAFF', 'CASNPAAGGTEAFF'	4, 3, 2, 1, 1, 1, 1, 1, 1, 1, 1, 1
TRBV19-1.TRBJ1-2	10	2.51115836027	0.755933990303	'CASREAGVDYGYTF', 'CASNPTTDNYGYTF', 'CASRTLGGTTTGYGYTF', 'CASTRGGLNYGYTF', 'CASSMAADYGYTF', 'CASSIDRGVYYGYTF', 'CASSIPGSQVGYTF', 'CASSPGGASANYGYTF', 'CASSPQDYYGYTF', 'CASSTDIGNYGYTF'	14, 4, 3, 2, 1, 1, 1, 1, 1, 1
TRBV19-1.TRBJ1-3	1	0.0	0	'CASSPRGDGNTIYF'	3
TRBV5-4.TRBJ1-4	1	0.0	0	'CASSLVPGPTMEKLFF'	1
TRBV5-4.TRBJ1-1	6	2.28103611255	0.882425223545	'CASSLVGEGNTEAFF', 'CASSFWGGLNTEAFF', 'CASSDAGKGVSAEAFF', 'CASSPGRGREAFF', 'CASSLGQGLGTEAFF', 'CASSLTGVGDTEAFF'	4, 1, 1, 1, 1, 1
TRBV5-4.TRBJ1-2	3	1.5	0.946394630357	'CASSDRSDLTGGYTF', 'CASSLAQGEGYTF', 'CASSSDSSPWAF'	2, 1, 1
TRBV5-4.TRBJ2-7	4	1.91829583405	0.959147917027	'CASSLEGGPYEQYF', 'CAIATGTGGEQYF', 'CASSFQRGVGREQYF', 'CASREDRAYEQYF'	2, 2, 1, 1
TRBV5-4.TRBJ2-5	3	1.58496250072	1.0	'CASSLSGAEETQYF', 'CASSLAGPPETQYF', 'CASSLSAKPQETQYF'	1, 1, 1
TRBV5-4.TRBJ2-2	3	1.58496250072	1.0	'CASSPASGNTGELFF', 'CASSLGGPDTGELFF', 'CASSIKTGELFF'	1, 1, 1
TRBV5-4.TRBJ2-1	2	0.918295834054	0.918295834054	'CASSLEGGASNEQFF', 'CASSQPGTSGSSYNEQFF'	2, 1
TRBV18-1.TRBJ1-1	4	0.882859772591	0.441429886296	'CASSRDRGPNTEAFF', 'CASSPRRGAENTEAFF', 'CASSLSDQGMGTEAFF', 'CASSPEQGYTEAFF'	26, 2, 2, 1
TRBV18-1.TRBJ1-3	1	0.0	0	'CASSPGLSNTIYF'	1
TRBV18-1.TRBJ1-2	7	1.65902635922	0.590957112757	'CASSPRRGPSYGYTF', 'CASSPGLGFHGYTF', 'CASSHPEPLGYGYTF', 'CASREAGGPGYTF', 'CASSLDTGDNYGYTF', 'CASSPGTGGPNYGYTF', 'CASSLRDKQGYTF'	22, 5, 2, 1, 1, 1, 1
TRBV18-1.TRBJ1-5	4	1.89106111207	0.945530556036	'CASSPTGNLRNQPQHF', 'CASSPPIGQPQHF', 'CASSPTPGTQFPQLLPNSNQPQHF', 'CASSPPGQPQHF'	3, 3, 2, 1
TRBV18-1.TRBJ1-4	3	1.37095059445	0.864973520718	'CASSQVVSEKLFF', 'CASSPTVYIEKLFF', 'CASSPGTGMRANEKLFF'	3, 1, 1
TRBV18-1.TRBJ1-6	2	0.918295834054	0.918295834054	'CASSLEGASSYNSPLHF', 'CASSDRYNSPLHF'	2, 1
TRBV12-1.TRBJ2-5	1	0.0	0	'CASSFGDRGQETQYF'	2
TRBV25-1.TRBJ2-7	1	0.0	0	'CASSAGRGKDEQYF'	2
TRBV6-5.TRBJ2-2	6	2.52164063634	0.975503759006	'CASSYYKGPGELFF', 'CASNTGGANTGELFF', 'CASEGVGTGELFF', 'CASSYSGTGELFF', 'CASSYVQGASGELFF', 'CASSYDLQASPRELFF'	2, 1, 1, 1, 1, 1
TRBV6-5.TRBJ2-3	7	2.75	0.979569764547	'CASRERGGVGNTQYF', 'CASRLATRTDTQYF', 'CASSYSLTGPSTDTQYF', 'CASSPSGPHEGGQYF', 'CASRERGGLNTQYF', 'CASSPSGPHERGQYF', 'CASRLLAGGTDTQYF'	2, 1, 1, 1, 1, 1, 1
TRBV25-1.TRBJ2-2	1	0.0	0	'CASTSGGPGELFF'	1
TRBV6-5.TRBJ2-5	5	2.32192809489	1.0	'CASSYSGQRQETQYF', 'CASSYSSIWGHHQETQYF', 'CASSYAGGRAETQYF', 'CASSYLARGGAKTQYF', 'CASSGQGETQYF'	1, 1, 1, 1, 1
TRBV18-1.TRBJ2-2	3	1.58496250072	1.0	'CASSRPDRGSGELFF', 'CASSPPSTANTGELFF', 'CASSRTTQNTGELFF'	1, 1, 1
TRBV18-1.TRBJ2-3	5	2.0	0.861353116147	'CASSPPSGSTDTQYF', 'CASSRDRGLADTQYF', 'CASSPPSAGTDTQYF', 'CASSPMGGGDSTDTQYF', 'CASSPLERGSTDTQYF'	4, 1, 1, 1, 1
TRBV18-1.TRBJ2-1	10	2.21456705066	0.666651109658	'CASSPRERYVPGEQFF', 'CASSPLRGVDEQFF', 'CASSPGTGTYNEQFF', 'CASSPVGAYNEQFF', 'CASSPPLHNEQFF', 'CASSPNLSLRSYNEQFF', 'PRR', 'CASSPGGQGKSSYNEQFF', 'CASSPLSGDYNEQFF', 'CASSPEQTSQEQFF'	22, 8, 3, 2, 1, 1, 1, 1, 1, 1
TRBV18-1.TRBJ2-7	4	2.0	1.0	'CASSQTKKGAYEQYF', 'CASSLDRSVIEQYF', 'CASSPRDYYYEQYF', 'CASSPTAGKHYEQYF'	1, 1, 1, 1
TRBV18-1.TRBJ2-4	2	0.918295834054	0.918295834054	'CASSPSQTPRDIQYF', 'CASSMTPGDIQYF'	2, 1
TRBV18-1.TRBJ2-5	3	0.699842839886	0.441551670508	'CASSPPTSGSETQYF', 'CASSPGQTQYF', 'CASSPQTTLVKETQYF'	13, 1, 1
TRBV20-1.TRBJ1-3	5	2.32192809489	1.0	'CSARGTTGNTIYF', 'CSAGVPGRLNTIYF', 'CSARTGTGNTIYF', 'CSARDRGDSSGNTIYF', 'CSAREHKSFSGNTIYF'	1, 1, 1, 1, 1
TRBV29-1.TRBJ1-1	5	2.25162916739	0.969723899868	'CSALLGTIDSTEAFF', 'CSVVSGENTEAFF', 'CSVALWNTEAFF', 'CSFSPHLNTEAFF', 'CSVGRTEAFF'	2, 1, 1, 1, 1
TRBV5-6.TRBJ1-3	1	0.0	0	'CASSLVSAPGNTIYF'	1
TRBV29-1.TRBJ1-3	2	1.0	1.0	'CSVDQGNGNTIYF', 'CSVDKGNGNTIYF'	1, 1
TRBV29-1.TRBJ1-2	5	2.05881389033	0.886682880002	'CSVEEDEGIYGYTF', 'CSSLDGDGYTF', 'CSVVQGYGYTF', 'CSVVSSQGFYGYTF', 'CSAGGGQGNYGYTF'	4, 2, 1, 1, 1
TRBV29-1.TRBJ1-5	2	0.413816850304	0.413816850304	'CSVAAGGSNQPQHF', 'CSAGTPQHF'	22, 2
TRBV29-1.TRBJ1-4	2	0.918295834054	0.918295834054	'CSVVGNGKLFF', 'CSAKRGANEKLFF'	2, 1
TRBV29-1.TRBJ2-2	2	1.0	1.0	'CSVRGGANTGELFF', 'CSVENTGELFF'	1, 1
TRBV29-1.TRBJ2-3	6	2.52164063634	0.975503759006	'CSVEKLAGVGGTQYF', 'CSVGAGPSTDTQYF', 'CSVVGRVLAGGPGDTQYF', 'CSVEGIDTQYF', 'CSVEASGGSTDTQYF', 'CSVEIPGLKDTQYF'	2, 1, 1, 1, 1, 1
TRBV29-1.TRBJ2-1	6	2.28103611255	0.882425223545	'CSVEGADLYNEQFF', 'CSLKRGTGNEQFF', 'CSVERGRSYNEQFF', 'CSVRLPTSGGVQQQFF', 'CSVETTTTQFF', 'CSVVMFPNEQFF'	4, 1, 1, 1, 1, 1
TRBV29-1.TRBJ2-6	1	0.0	0	'CSVVIIQSRANVLTF'	1
TRBV29-1.TRBJ2-7	6	2.58496250072	1.0	'CSVLAGRQVGVSYEQYF', 'CSVVKIGVPYEQYF', 'CSAGQGRFEQYF', 'CSGKGVGQQYF', 'CSGKGVGEQYF', 'CSVGDGSYEQYF'	1, 1, 1, 1, 1, 1
TRBV29-1.TRBJ2-5	1	0.0	0	'CSVDRAQETQYF'	1
TRBV5-6.TRBJ1-4	2	0.811278124459	0.811278124459	'CASSSRDLGEKLFF', 'CASSLGAIQGRLFF'	3, 1
TRBV20-1.TRBJ1-5	16	3.61517131025	0.903792827562	'CSASSGAYQPQHF', 'CSANTGEARPQHF', 'CSASKGWGQPQHF', 'CSARSGQERNSNQPQHF', 'CSARGRLDNQPQHF', 'CSARDLDRGVNQPQHF', 'CSASDTQLNQPQHF', 'CSARSGSRGNQPQHF', 'CSAMDGDQPQHF', 'CSALPDTQGMGNQPQHF', 'CSAGTGGRQPQHF', 'CSARDDFPNQPQHF', 'CSARDLAGSSLWPQHF', 'CSAYPGQGGGNQPQHF', 'CSTVTGVSNQPQHF', 'CSARGLSNQPQHF'	8, 3, 3, 2, 2, 2, 2, 1, 1, 1, 1, 1, 1, 1, 1, 1
TRBV24-1.TRBJ1-5	1	0.0	0	'CATTGQVNQPQHF'	1
TRBV15-1.TRBJ1-2	1	0.0	0	'CATSSTQGSNYGYTF'	1
TRBV15-1.TRBJ1-3	1	0.0	0	'CATSSRDTTGNTIYF'	1
TRBV15-1.TRBJ1-4	1	0.0	0	'CATSRDRGGTNEKLFF'	1
TRBV15-1.TRBJ1-5	3	1.5	0.946394630357	'CATSRDSRTGQPQHF', 'CATSRVGPQHF', 'CATSREWDSQPQHF'	2, 1, 1
TRBV7-8.TRBJ1-2	3	1.58496250072	1.0	'CASWPKGGFANGYTF', 'CASRTGTNKEGGTYGYTF', 'CASSPGLTGGNNGYTF'	1, 1, 1
TRBV4-3.TRBJ1-1	7	2.725480557	0.970835762726	'CASSQDRVRVLEAFF', 'CASSQDRFQGGTEAFF', 'CASSQDAGMNTEAFF', 'CASSQESFRAEAFF', 'CASSQEEGTGGTEAFF', 'CASSQDPSGFVEAFF', 'CASSQEGYGSMNTEAFF'	2, 2, 1, 1, 1, 1, 1
TRBV7-8.TRBJ1-6	2	0.918295834054	0.918295834054	'CASSLTGTNNSPLHF', 'CASSYLGGSNSPLHF'	2, 1
TRBV4-3.TRBJ1-5	1	0.0	0	'CASSQDQNSNQPQHF'	1
TRBV3-1.TRBJ2-5	4	2.0	1.0	'CASSQDGLAGAPGETQYF', 'CASAGPGETQYF', 'CASSLIKERVWSKTQYF', 'CASSHGGTQQETQYF'	1, 1, 1, 1
TRBV3-1.TRBJ2-4	1	0.0	0	'CASSPKTPDGKNIQYF'	1
TRBV3-1.TRBJ2-7	22	4.13394536659	0.92701171811	'CASSPRPSSEYEQYF', 'CASSQDPASGGITYEQYF', 'CASSPVGASGGDVRYEQYF', 'CASSQDRSSGGHEQYF', 'CASSFAQGSYEQYF', 'CASSQAPRTSYEQYF', 'CASSPLQGYEQYF', 'CASSQGPQVGSYEQYF', 'CASSHEAGGQFHEQYF', 'CASSQERRLAGLGYEQYF', 'CASSTWTSGTYEQYF', 'CASSRDRQTQYF', 'CASSQGDRANYEQYF', 'CASSINRGGIEQYF', 'CASSREGPYEQYF', 'CASSLGGMTYEQYF', 'CASSEGTASYEQYF', 'CASSQSPPYEQYF', 'CASREAGTAYEQYF', 'CASSLRDGYEQYF', 'CASSRGGGEQYF', 'CASSLGLCYEQYF'	11, 5, 4, 4, 4, 3, 3, 2, 2, 2, 2, 2, 2, 2, 2, 2, 2, 1, 1, 1, 1, 1
TRBV7-8.TRBJ1-4	1	0.0	0	'CASSLARGQGTNEKLFF'	1
TRBV3-1.TRBJ2-1	8	2.92192809489	0.973976031629	'CASSLAPGGTYNEQFF', 'CASSDFRSSSGWSSYNEQFF', 'CASSPEAGGTYNEQFF', 'CASSPWLAGGLPWGNEQFF', 'CASSPQERGPPYNEQFF', 'CASSILVPISSDNEQFF', 'CASSPPTGVSYNEQFF', 'CASSHRGASSYNEQFF'	2, 2, 1, 1, 1, 1, 1, 1
TRBV3-1.TRBJ2-3	6	1.73136002919	0.669781487626	'CASSQEVGSKTDTQYF', 'CASSQGLFDTDTQYF', 'CASSEAGGRIDTQYF', 'CASSHTRTTARNDSTDTQYF', 'CASSLGTNTQYF', 'CASSKRSTVSDTQYF'	11, 2, 1, 1, 1, 1
TRBV3-1.TRBJ2-2	5	2.23592635063	0.962961064795	'CASSSREVYTGELFF', 'CASSQNHGELFF', 'CASSQVLTVYGELFF', 'CASSYEFRAGELFF', 'CASSSAQRGTGELFF'	2, 2, 1, 1, 1
TRBV13-1.TRBJ2-5	1	0.0	0	'CASSLGLAAETQYF'	1
TRBV13-1.TRBJ2-7	2	1.0	1.0	'CASSFLAGGRVPYEQYF', 'CASSLLGTSYEQYF'	1, 1
TRBV3-1.TRBJ1-5	3	1.52192809489	0.960229717861	'CASSRSGGTGQPQHF', 'CASSQDRAGDQHF', 'CASSSASPIWHHQPQHF'	2, 2, 1
TRBV3-1.TRBJ1-2	5	2.28103611255	0.982388781796	'CASSQLGYGYTF', 'CASSPFESGWGNGYTF', 'CASSPTGGSNYGYTF', 'CASSQEPLILDGYTF', 'CASGVKNSTGAYGYTF'	2, 2, 2, 2, 1
TRBV3-1.TRBJ1-3	2	0.970950594455	0.970950594455	'CASSHWGAAGNTIYF', 'CASSQGTRSGNTIYF'	3, 2
TRBV3-1.TRBJ1-1	7	2.65656476213	0.946287461289	'CASSPEDREKTEAFF', 'CASSQDGGNTEAFF', 'CASSNPGRLNTEAFF', 'CASSWRGRVGTEAFF', 'CASSQGGTEAFF', 'CASSQETHGMKAFF', 'CATMGVNTEAFF'	4, 3, 2, 2, 2, 1, 1
TRBV13-1.TRBJ1-6	2	1.0	1.0	'CASSQNNSPLHF', 'CASSSNRDGLNSPLHF'	1, 1
TRBV15-1.TRBJ2-3	1	0.0	0	'CATSRGITGAGDTQYF'	2
TRBV15-1.TRBJ2-2	1	0.0	0	'CATSIPGPPGELFF'	1
TRBV15-1.TRBJ2-1	4	1.5487949407	0.774397470348	'CATSRKSGNPVNEQFF', 'CATSRGIRARRSYNEQFF', 'CATSRDFSGGANEQFF', 'CATSRGASNEQFF'	5, 1, 1, 1
TRBV15-1.TRBJ2-7	4	1.91829583405	0.959147917027	'CATSRDIRGPHYEQYF', 'CATSFDRALDYEQYF', 'CATSLGLAGGYEQYF', 'CATSRAVLGTTYYEQYF'	2, 2, 1, 1
TRBV15-1.TRBJ2-5	2	1.0	1.0	'CATSGGQGWETQYF', 'CATSIGEPTSGGAEETQYF'	1, 1
TRBV10-1.TRBJ1-1	3	1.55665670746	0.982141032835	'CASSASLATTEAFF', 'CASSSGNTEAFF', 'CASSLMGNPTFF'	3, 2, 2
TRBV5-8.TRBJ1-1	1	0.0	0	'CASSRHSFNTEAFF'	1
TRBV10-1.TRBJ2-3	1	0.0	0	'CASSESLDTDTQYF'	1
TRBV5-8.TRBJ1-2	1	0.0	0	'CASSWAQTGYTF'	1
TRBV5-8.TRBJ1-5	1	0.0	0	'CASKGWGENQPQHF'	2
TRBV10-1.TRBJ2-7	3	1.45914791703	0.920619835714	'CASKWTGYEQYF', 'CASSWTGAYEQYF', 'CASQGYEQYF'	3, 2, 1
TRBV7-9.TRBJ2-3	4	2.0	1.0	'CASSLGSGGTDTQYF', 'CASTSLDTQYF', 'CASSLDTSGGPDTQYF', 'CASSFGQGADTQYF'	1, 1, 1, 1
TRBV11-3.TRBJ2-1	2	0.503258334776	0.503258334776	'CASNVQLAGPSNNEQFF', 'CASSPSGAGGQKFF'	8, 1
TRBV11-3.TRBJ2-3	1	0.0	0	'CASSLGRADTQYF'	1
TRBV5-8.TRBJ2-7	1	0.0	0	'CASSSDRSTYEQYF'	1
TRBV5-1.TRBJ1-1	11	3.39274741045	0.980723940942	'CASSFGVGENTEAFF', 'CASSLEGIGLPEAFF', 'CASSLAGTGLVTEAFF', 'CASTLDSPSNTEAFF', 'CASSAGRTGLMNTEAFF', 'CASSLVGVRNTEAFF', 'CASRREGALTEAFF', 'CASSLSGKTEAFF', 'CASSLDGPGDTEAFF', 'CASRQGQGNTEAFF', 'CASSLSGANTEAFF'	2, 2, 1, 1, 1, 1, 1, 1, 1, 1, 1
TRBV5-1.TRBJ1-2	5	2.23592635063	0.962961064795	'CASSLDSAGGGGYGYTF', 'CASSLDLTSGQGNYGYTF', 'CASSRTEFNYGYTF', 'CASSTRPEANYGYTF', 'CASRTGDRNGYTF'	2, 2, 1, 1, 1
TRBV5-1.TRBJ1-3	3	1.58496250072	1.0	'CASSLVSVGRSGNTIYF', 'CASSRTGQGNPGNTIYF', 'CASSLETGFTGNTIYF'	1, 1, 1
TRBV5-1.TRBJ1-4	5	2.25162916739	0.969723899868	'CASSLGVLPTNEKLFF', 'CASSPYRWTGKETNEKLFF', 'CASSSGQSPNEKLFF', 'CASSRLGEGDEKLFF', 'CASSLSQGATMGEKLFF'	2, 1, 1, 1, 1
TRBV5-1.TRBJ1-5	2	1.0	1.0	'CASSFSGLNQPQHF', 'CASSSGGGSNQPQHF'	1, 1
TRBV5-1.TRBJ1-6	7	2.73215889136	0.973214633425	'CASSPDPNSPLHF', 'CASSLSNRGYSPLHF', 'CASSLRGPGSPLHF', 'CASSERSDSPLHF', 'CASSLQAGDSPLHF', 'CASRGRTAGISPLHF', 'CASSLDRGQTGNSPLHF'	2, 2, 2, 2, 1, 1, 1
TRBV7-5.TRBJ2-7	1	0.0	0	'CASSPPTGSYEQYF'	1
TRBV5-1.TRBJ2-3	20	4.00558758586	0.926805698272	'CASSLNQYTDTQYF', 'CASSLSAPTDTQYF', 'CASRVLAGVTDTQYF', 'CASSTGTSGARTDTQYF', 'CASSLLEQGPGTDTQYF', 'CASRTEQGSDTQYF', 'CASSPDQTTDTQYF', 'CASSLNRGGGTDTQYF', 'CASSLNSGGGTDTQYF', 'CASSQLTSGGSTDTQYF', 'CASSPSSGSGTDTQYF', 'CASSLDGSDTQYF', 'CASSSAPSGGSTDTQYF', 'CASSRSPPTDTQYF', 'CASRVSGSGTDTQYF', 'CASSYETSPTDTQYF', 'CASSWWGQSTDTQYF', 'CASSQALAGGDTQYF', 'CASSSRTGGFDTQYF', 'CASSGGTDTQYF'	7, 3, 3, 3, 2, 2, 2, 1, 2, 1, 1, 1, 1, 1, 1, 1, 1, 1, 1, 1
TRBV5-1.TRBJ2-2	8	2.6825887305	0.894196243501	'CASSSTPPGQGYTGELFF', 'CASSFGQPGELFF', 'CASSRLGQGGGGELFF', 'CASSFPRQGAKGELFF', 'CASSPDTTLPGELFF', 'CASSQSGTATGELFF', 'CASSLAIGEQGRGSGELFF', 'CASSSALGTGELFF'	5, 3, 2, 1, 1, 1, 1, 1
TRBV5-1.TRBJ2-1	15	3.79465347354	0.971272007926	'CASRIAGSDNEQFF', 'CASSPSSGGGEQFF', 'CASSYGTSGGSAYNEQFF', 'CASSPNPSDSYNEQFF', 'CASSLWTDNEQFF', 'CASSLRTSGDSNEQFF', 'CASSVWTGKAYNEQFF', 'CASSTPGYSGDEQFF', 'CASSPGLAGEGEQFF', 'CASSLEGTYNEQFF', 'CASRTGGGYNEQFF', 'CASSPRTSGGEEQFF', 'CASSLAPGGVYNEQFF', 'CASSLASGVTYNEQFF', 'CASSLGTSGGSSYNEQFF'	3, 2, 1, 1, 1, 1, 1, 1, 1, 1, 1, 1, 1, 1, 1
TRBV5-1.TRBJ2-7	13	2.83779037082	0.766879232463	'CASSLVGNHEQYF', 'CASSLDRGRYEQYF', 'CASSFRTGGFNEQYF', 'CASSSDPSYEQYF', 'CASSFGTVNLYEQYF', 'CASSGQGAHEQYF', 'CASSPSPGGPGEQYF', 'CASSFGGEGEQYF', 'CASSLESALEQYF', 'CASSPPYEQYF', 'CASSPGGLAGGPLGEQYF', 'CASSETSGGAGEQYF', 'CASSLGTATLEQYF'	17, 3, 3, 3, 2, 2, 1, 1, 1, 1, 1, 1, 1
TRBV5-1.TRBJ2-6	3	1.52192809489	0.960229717861	'CASSLAGISGANVLTF', 'CASSLANSGANVLTF', 'CASSLDSPTGLGANVLTF'	2, 2, 1
TRBV5-1.TRBJ2-5	14	3.62192809489	0.95129773006	'CASSEQDQETQYF', 'CASSPRTGGVETQYF', 'CASSFDTPETQYF', 'CASSQSGSQGETQYF', 'CASQLTGEETQYF', 'CASSFRHPQETQYF', 'CASSIGSGETQYF', 'CASSSSGGRQETQYF', 'CASSLGQGVLETQYF', 'CASSSAGAPEKETQYF', 'CASSSQGGETQYF', 'CASSPTLGQNQETQYF', 'CASSTGNGETQYF', 'CASSLGGSSGDQETQYF'	4, 2, 2, 2, 1, 1, 1, 1, 1, 1, 1, 1, 1, 1
TRBV5-1.TRBJ2-4	2	0.811278124459	0.811278124459	'CASSPQHTGVAKNIQYF', 'CASSFVGANIQYF'	3, 1
TRBV16-1.TRBJ1-2	2	0.918295834054	0.918295834054	'CASSQSGTAGGYTF', 'CASSKREGHYGYTF'	2, 1
TRBV3-1.TRBJ1-6	3	1.48547529723	0.937230563216	'CASSRDRVSSYNSPLHF', 'CASSQEVRGNSPLHF', 'CASSSQRGGTPLHF'	5, 3, 2
TRBV13-1.TRBJ2-1	1	0.0	0	'CASSLGGASGGGNEQFF'	1
TRBV11-1.TRBJ1-6	1	0.0	0	'CASSSGRFNSPLHF'	2
TRBV11-1.TRBJ1-1	1	0.0	0	'CASSLGGPVKSEAFF'	2
TRBV11-1.TRBJ2-6	1	0.0	0	'CASRATDSGANVLTF'	14
TRBV11-1.TRBJ2-5	2	1.0	1.0	'CASSFWRGDFETQYF', 'CASSLGQRQETQYF'	1, 1
TRBV11-1.TRBJ2-3	1	0.0	0	'CASRNIRGGTDTQYF'	1
